"ambito","categoria","referencia","titulo","etiqueta_documento","url_documento","url_catalogo","fecha_consulta"
"UV","adm-electronica","ACGUV 13/2014","Política de seguretat de la informació en la utilització de mitjans electrònics de la Universitat de València. (CG 21-I-2014. Modificat CG 18-II-2019. Modificat CG 3-X-2023. Modificat CG 7-X-2025)","Text","https://webges.uv.es/uvTaeWeb/MuestraInformacionEdictoPublicoFrontAction.do?idEdictoSeleccionado=87397","https://www.uv.es/uvweb/registro-general/es/reglamentos-uv/adm-electronica/administracion-electronica-1285868559185.html","2026-08-08"
"UV","adm-electronica","ACGUV 227/2014","Reglament de seguretat de la informació en la utilització de mitjans electrònics de la Universitat de València. (CG 22-XII-2014. Modificat CG 1-VI-2021. Modificat CG 3-X-2023. Modificat 7-X-2025)","Text","https://webges.uv.es/uvTaeWeb/MuestraInformacionEdictoPublicoFrontAction.do?idEdictoSeleccionado=87389","https://www.uv.es/uvweb/registro-general/es/reglamentos-uv/adm-electronica/administracion-electronica-1285868559185.html","2026-08-08"
"UV","adm-electronica","ACGUV 235/2016","Reglament d'ús dels recursos relacionats amb les tecnologies de la informació i les comunicacions de la Universitat de València. (CG 26-VII-2016. Modificat CG 4-II-2020. Modificat CG 1-VI-2021. Modificat 7-X-2025).","Text","https://webges.uv.es/uvTaeWeb/MuestraInformacionEdictoPublicoFrontAction.do?idEdictoSeleccionado=87391","https://www.uv.es/uvweb/registro-general/es/reglamentos-uv/adm-electronica/administracion-electronica-1285868559185.html","2026-08-08"
"UV","adm-electronica","ACGUV 68/2006","Pla d'accessibilitat electrònica de la Universitat de València. (CG 14-III-2006).","Text","http://www.uv.es/sgeneral/Reglamentacio/Doc/Adm_Electronica/Y13.pdf","https://www.uv.es/uvweb/registro-general/es/reglamentos-uv/adm-electronica/administracion-electronica-1285868559185.html","2026-08-08"
"UV","adm-electronica","ACGUV 80/2012","Reglament de funcionament de la bústia de suggeriments, queixes i felicitacions. (CG 26-IV-2012)","Text","http://www.uv.es/sgeneral/Reglamentacio/Doc/Adm_Electronica/Y4.pdf","https://www.uv.es/uvweb/registro-general/es/reglamentos-uv/adm-electronica/administracion-electronica-1285868559185.html","2026-08-08"
"UV","adm-electronica","ACGUV 91/2020","Reglament d'Administració Electrònica de la Universitat de València. (CG 23-VI-2020).","Text","https://webges.uv.es/uvTaeWeb/MuestraInformacionEdictoPublicoFrontAction.do?idEdictoSeleccionado=23339","https://www.uv.es/uvweb/registro-general/es/reglamentos-uv/adm-electronica/administracion-electronica-1285868559185.html","2026-08-08"
"UV","adm-electronica","ACGUV 91/2020","Reglament d'Administració Electrònica de la Universitat de València. (CG 23-VI-2020).","Publicació DOGV","https://www.uv.es/sgeneral/Reglamentacio/Doc/Adm_Electronica/2020_091_DOGV.pdf","https://www.uv.es/uvweb/registro-general/es/reglamentos-uv/adm-electronica/administracion-electronica-1285868559185.html","2026-08-08"
"UV","adm-electronica","ACGUV 92/2020","Reglament de Registre Electrònic General de la Universitat de València. (CG 23-VI-2020).","Text","https://webges.uv.es/uvTaeWeb/MuestraInformacionEdictoPublicoFrontAction.do?idEdictoSeleccionado=23358","https://www.uv.es/uvweb/registro-general/es/reglamentos-uv/adm-electronica/administracion-electronica-1285868559185.html","2026-08-08"
"UV","adm-electronica","ACGUV 92/2020","Reglament de Registre Electrònic General de la Universitat de València. (CG 23-VI-2020).","Publicació DOGV","https://www.uv.es/sgeneral/Reglamentacio/Doc/Adm_Electronica/2020_092_DOGV.pdf","https://www.uv.es/uvweb/registro-general/es/reglamentos-uv/adm-electronica/administracion-electronica-1285868559185.html","2026-08-08"
"UV","adm-electronica","RD 203/2021","Real Decreto 203/2021, de 30 de marzo, por el que se aprueba el Reglamento de actuación y funcionamiento del sector público por medios electrónicos.","RD 203/2021 (Texto consolidado)","https://www.boe.es/buscar/act.php?id=BOE-A-2021-5032","https://www.uv.es/uvweb/registro-general/es/reglamentos-uv/adm-electronica/administracion-electronica-1285868559185.html","2026-08-08"
"UV","adm-electronica","RSG 05 07 2012","Resolució de 5 de juliol de 2012, de la secretària general de la Universitat de València, per la qual s'autoritza la inclusió de determinats procediments electrònics en la Seu Electrònica.","Text","http://www.uv.es/sgeneral/Reglamentacio/Doc/Adm_Electronica/Y6.pdf","https://www.uv.es/uvweb/registro-general/es/reglamentos-uv/adm-electronica/administracion-electronica-1285868559185.html","2026-08-08"
"UV","adm-electronica","RSG 06/05/2022","Resolución de 6 de mayo de 2022 de la Secretaria General de la Universitat de València, por la que se crea y regula el registro de funcionariado habilitado en el ámbito de la Universitat.","Anexos","https://www.uv.es/sgeneral/Reglamentacio/Doc/Adm_Electronica/Anexos.pdf","https://www.uv.es/uvweb/registro-general/es/reglamentos-uv/adm-electronica/administracion-electronica-1285868559185.html","2026-08-08"
"UV","adm-electronica","RSG 06/05/2022","Resolución de 6 de mayo de 2022 de la Secretaria General de la Universitat de València, por la que se crea y regula el registro de funcionariado habilitado en el ámbito de la Universitat.","Texto","https://www.uv.es/sgeneral/Reglamentacio/Doc/Adm_Electronica/ResolucionFuncionariosHabilitados.pdf","https://www.uv.es/uvweb/registro-general/es/reglamentos-uv/adm-electronica/administracion-electronica-1285868559185.html","2026-08-08"
"UV","adm-electronica","RSG 14/12/2012","Resolució de 14 de desembre de 2012, de la secretària general de la Universitat de València, per la qual s'autoritza la inclusió de determinats procediments electrònics en la Seu Electrònica.","Text","http://www.uv.es/sgeneral/Reglamentacio/Doc/Adm_Electronica/Y7.pdf","https://www.uv.es/uvweb/registro-general/es/reglamentos-uv/adm-electronica/administracion-electronica-1285868559185.html","2026-08-08"
"UV","adm-electronica","RSG 25/02/2013","Resolució de 25 de febrer de 2013, de la secretària general de la Universitat de València, per la qual s'autoritza la inclusió de determinats procediments electrònics en la Seu Electrònica.","Text","http://www.uv.es/sgeneral/Reglamentacio/Doc/Adm_Electronica/Y8.pdf","https://www.uv.es/uvweb/registro-general/es/reglamentos-uv/adm-electronica/administracion-electronica-1285868559185.html","2026-08-08"
"UV","adm-electronica","RSG 27/06/2013","Resolució de 27 de juny de 2013, de la secretària general de la Universitat de València, per la qual s'autoritza la inclusió de determinats procediments electrònics en la Seu Electrònica.","Text","http://www.uv.es/sgeneral/Reglamentacio/Doc/Adm_Electronica/Y9.pdf","https://www.uv.es/uvweb/registro-general/es/reglamentos-uv/adm-electronica/administracion-electronica-1285868559185.html","2026-08-08"
"UV","adm-electronica","RSG 31/05/2012","Resolució de 31 de maig de 2012, de la secretària general de la Universitat de València, per a la creació del segell d'òrgan de la Secretaria General de la Universitat de València.","Text","http://www.uv.es/sgeneral/Reglamentacio/Doc/Adm_Electronica/Y5.pdf","https://www.uv.es/uvweb/registro-general/es/reglamentos-uv/adm-electronica/administracion-electronica-1285868559185.html","2026-08-08"
"UV","adr","ACGUV 116/2016","Reglament de règim intern de l'Assemblea de Representants d'Estudiants de la Facultat de Filosofia i Ciències del 'Educació. (CG 31-V-2016).","Text","http://www.uv.es/sgeneral/Reglamentacio/Doc/ADR/R3.pdf","https://www.uv.es/uvweb/registro-general/es/reglamentos-uv/adr/asambleas-representantes-1285868559217.html","2026-08-08"
"UV","adr","ACGUV 134/2012","Reglament de referència de règim intern de l'Assemblea de Representants d'Estudiants del Centre. (CG 26-VI-2012).","Text","http://www.uv.es/sgeneral/Reglamentacio/Doc/ADR/R0.pdf","https://www.uv.es/uvweb/registro-general/es/reglamentos-uv/adr/asambleas-representantes-1285868559217.html","2026-08-08"
"UV","adr","ACGUV 161/2018","Reglament de règim intern de l'ADR de la Facultat de Fisioteràpia. (CG 10-VII-2018).","Text","https://webges.uv.es/uvTaeWeb/MuestraInformacionEdictoPublicoFrontAction.do?accion=inicio&idEdictoSeleccionado=11917","https://www.uv.es/uvweb/registro-general/es/reglamentos-uv/adr/asambleas-representantes-1285868559217.html","2026-08-08"
"UV","adr","ACGUV 208/2014","Reglament de Règim Intern de l'Assemblea de Representants de la Facultat de Medicina i Odontologia (CG 26-XI-2014)","Text","http://www.uv.es/sgeneral/Reglamentacio/Doc/ADR/R2.pdf","https://www.uv.es/uvweb/registro-general/es/reglamentos-uv/adr/asambleas-representantes-1285868559217.html","2026-08-08"
"UV","adr","ACGUV 263/2012","Reglament de Règim Intern de l'Assemblea de Representants de la Facultat de Farmàcia (CG 21-XII-2012)","Text","http://www.uv.es/sgeneral/Reglamentacio/Doc/ADR/R1.pdf","https://www.uv.es/uvweb/registro-general/es/reglamentos-uv/adr/asambleas-representantes-1285868559217.html","2026-08-08"
"UV","colegios-mayores","ACGUV 172/2015","Estatut marc de col·legis majors de la Universitat de València. (CG 28-VII-2015).","Text","http://www.uv.es/sgeneral/Reglamentacio/Doc/Col_Majors/Z2.pdf","https://www.uv.es/uvweb/registro-general/es/reglamentos-uv/colegios-mayores/reglamentos-1285868559138.html","2026-08-08"
"UV","colegios-mayores","ACUV 5/12/1995","Bases per a l'adscripció de col·legis majors a la Universitat de València. (Claustre 5-XII-1995)","Text","http://www.uv.es/sgeneral/Reglamentacio/Doc/Col_Majors/Z1.pdf","https://www.uv.es/uvweb/registro-general/es/reglamentos-uv/colegios-mayores/reglamentos-1285868559138.html","2026-08-08"
"UV","comisiones","ACGUV 02/04/1987","Reglament de règim intern de la comissió d'avaluació. (J.G. 2-IV-1987)","Text","http://www.uv.es/sgeneral/Reglamentacio/Doc/Comissions/H2.pdf","https://www.uv.es/uvweb/registro-general/es/reglamentos-uv/comisiones/reglamentos-1285878153449.html","2026-08-08"
"UV","comisiones","ACGUV 12/2022","Comissió d'Integritat Pública de la Universitat de València. (CG 1-II-2022).","Text","https://www.uv.es/sgeneral/Reglamentacio/Doc/Comissions/H40.pdf","https://www.uv.es/uvweb/registro-general/es/reglamentos-uv/comisiones/reglamentos-1285878153449.html","2026-08-08"
"UV","comisiones","ACGUV 155/2010","Reglament de la comissió assessora d'estudis de grau. (CG 27-VII-2010)","Text","http://www.uv.es/sgeneral/Reglamentacio/Doc/Comissions/H30.pdf","https://www.uv.es/uvweb/registro-general/es/reglamentos-uv/comisiones/reglamentos-1285878153449.html","2026-08-08"
"UV","comisiones","ACGUV 16/2020","Reglament de la Mesa de mobilitat de la Universitat de València. (CG 4-II-2020).","Text","https://webges.uv.es/uvTaeWeb/MuestraInformacionEdictoPublicoFrontAction.do?accion=inicio&idEdictoSeleccionado=22087","https://www.uv.es/uvweb/registro-general/es/reglamentos-uv/comisiones/reglamentos-1285878153449.html","2026-08-08"
"UV","comisiones","ACGUV 172/2006","Reglament de règim intern de la comissió de professorat. (C.G. 27-VII-2006).","Text","http://www.uv.es/sgeneral/Reglamentacio/Doc/Comissions/H4.pdf","https://www.uv.es/uvweb/registro-general/es/reglamentos-uv/comisiones/reglamentos-1285878153449.html","2026-08-08"
"UV","comisiones","ACGUV 175/2019","Reglament de la Comissió de Sostenibilitat. (CG 23-VII-2019. Modificat CG 23-VI-2020).","Text","https://webges.uv.es/uvTaeWeb/MuestraInformacionEdictoPublicoFrontAction.do?idEdictoSeleccionado=23338","https://www.uv.es/uvweb/registro-general/es/reglamentos-uv/comisiones/reglamentos-1285878153449.html","2026-08-08"
"UV","comisiones","ACGUV 194/2006","Reglament de la comissió d'ètica en la investigació experimental de la Universitat de València. (CG 3-X-2006. Modificat CG 3-II-2015. Modificat CG 28-II-2017. Modificat CG 17-XII-2019)","Text","https://webges.uv.es/uvTaeWeb/MuestraInformacionEdictoPublicoFrontAction.do?accion=inicio&idEdictoSeleccionado=21578","https://www.uv.es/uvweb/registro-general/es/reglamentos-uv/comisiones/reglamentos-1285878153449.html","2026-08-08"
"UV","comisiones","ACGUV 20/11/1990","Composició i forma d'elecció de la comissió d'informàtica (J.G. 20-XI-1990).","Text","http://www.uv.es/sgeneral/Reglamentacio/Doc/Comissions/H14.pdf","https://www.uv.es/uvweb/registro-general/es/reglamentos-uv/comisiones/reglamentos-1285878153449.html","2026-08-08"
"UV","comisiones","ACGUV 200/2019","Reglament de la Comissió de Projecció Territorial de la Universitat de València. (CG 8-X-2019).","Text","https://webges.uv.es/uvTaeWeb/MuestraInformacionEdictoPublicoFrontAction.do?idEdictoSeleccionado=19896","https://www.uv.es/uvweb/registro-general/es/reglamentos-uv/comisiones/reglamentos-1285878153449.html","2026-08-08"
"UV","comisiones","ACGUV 219/2024","Reglament intern de la Comissió de Polítiques d'Igualtat de la Universitat de València. (CG 2-VII-2024. Modificat CG 21-VII-2026).","Text","https://webges.uv.es/uvTaeWeb/MuestraInformacionEdictoPublicoFrontAction.do?idEdictoSeleccionado=107267","https://www.uv.es/uvweb/registro-general/es/reglamentos-uv/comisiones/reglamentos-1285878153449.html","2026-08-08"
"UV","comisiones","ACGUV 236/2011","Composició i funcions del consell editorial de publicacions de la Universitat de València. (CG 27-IX-2011).","Text","http://www.uv.es/sgeneral/Reglamentacio/Doc/Comissions/H18.pdf","https://www.uv.es/uvweb/registro-general/es/reglamentos-uv/comisiones/reglamentos-1285878153449.html","2026-08-08"
"UV","comisiones","ACGUV 244/2012","Reglament de la Comissió Assessora Estudiantil. (CG 27-XI-2012. Modificat CG 10-VII-2018. Modificat CG 21-VII-2026)","Text","https://webges.uv.es/uvTaeWeb/MuestraInformacionEdictoPublicoFrontAction.do?idEdictoSeleccionado=107265","https://www.uv.es/uvweb/registro-general/es/reglamentos-uv/comisiones/reglamentos-1285878153449.html","2026-08-08"
"UV","comisiones","ACGUV 244/2023","Reglament de la Comissió de Discapacitat. (CG 3-X-2023. Modificat CG 21-VII-2026).","Text","https://webges.uv.es/uvTaeWeb/MuestraInformacionEdictoPublicoFrontAction.do?idEdictoSeleccionado=107266","https://www.uv.es/uvweb/registro-general/es/reglamentos-uv/comisiones/reglamentos-1285878153449.html","2026-08-08"
"UV","comisiones","ACGUV 253/2015","Reglament de funcionament intern de la Comissió 0.7 ""Una Nau de Solidaritat"". (CG 24-XI-2015. Modificat CG 21-VII-2026).","Text","https://webges.uv.es/uvTaeWeb/MuestraInformacionEdictoPublicoFrontAction.do?idEdictoSeleccionado=107283","https://www.uv.es/uvweb/registro-general/es/reglamentos-uv/comisiones/reglamentos-1285878153449.html","2026-08-08"
"UV","comisiones","ACGUV 264/2012","Reglament de la comissió de relacions internacionals de la Universitat de València. (CG 21-XII-2012)","Text","http://www.uv.es/sgeneral/Reglamentacio/Doc/Comissions/H34.pdf","https://www.uv.es/uvweb/registro-general/es/reglamentos-uv/comisiones/reglamentos-1285878153449.html","2026-08-08"
"UV","comisiones","ACGUV 264/2018","Comisión de prácticas externas de la Universitat de València. (CG 18-XII-2018)","Texto","http://www.uv.es/sgeneral/Reglamentacio/Doc/Comissions/H39.pdf","https://www.uv.es/uvweb/registro-general/es/reglamentos-uv/comisiones/reglamentos-1285878153449.html","2026-08-08"
"UV","comisiones","ACGUV 265/2005","Reglament de règim intern de la comissió d'investigació. (C.G. 29-XI-2005)","Text","http://www.uv.es/sgeneral/Reglamentacio/Doc/Comissions/H1.pdf","https://www.uv.es/uvweb/registro-general/es/reglamentos-uv/comisiones/reglamentos-1285878153449.html","2026-08-08"
"UV","comisiones","ACGUV 326/2017","Reglament de règim intern de la Comissió d'Extensió Universitària. (CG 19-XII-2017).","Text","https://webges.uv.es/uvTaeWeb/MuestraInformacionEdictoPublicoFrontAction.do?idEdictoSeleccionado=27682","https://www.uv.es/uvweb/registro-general/es/reglamentos-uv/comisiones/reglamentos-1285878153449.html","2026-08-08"
"UV","comisiones","ACGUV 357 1995","Participació dels estudiants en les comissions informatives o assessores en les licitacions. (J.G. 21-XII-1995. Modificat J.G. 20-II-1996)","Text","http://www.uv.es/sgeneral/Reglamentacio/Doc/Comissions/H17.pdf","https://www.uv.es/uvweb/registro-general/es/reglamentos-uv/comisiones/reglamentos-1285878153449.html","2026-08-08"
"UV","comisiones","ACGUV 54/1991","Reglament de règim intern de la comissió d'informàtica. (J.G. 26-III-1991)","Text","http://www.uv.es/sgeneral/Reglamentacio/Doc/Comissions/H15.pdf","https://www.uv.es/uvweb/registro-general/es/reglamentos-uv/comisiones/reglamentos-1285878153449.html","2026-08-08"
"UV","comisiones","ACGUV 6/2022","Reglament de règim intern de la Comissió de Política Lingüística. (CG 1-II-2022).","Text","https://webges.uv.es/uvTaeWeb/MuestraInformacionEdictoPublicoFrontAction.do?idEdictoSeleccionado=37640","https://www.uv.es/uvweb/registro-general/es/reglamentos-uv/comisiones/reglamentos-1285878153449.html","2026-08-08"
"UV","comisiones","ACGUV 69/2013","Composició consell assessor de l'observatori astronòmic de la Universitat de València. (CG 29-IV-2013)","Text","http://www.uv.es/sgeneral/Reglamentacio/Doc/Comissions/H13.pdf","https://www.uv.es/uvweb/registro-general/es/reglamentos-uv/comisiones/reglamentos-1285878153449.html","2026-08-08"
"UV","comisiones","ACGUV 7/2015","Reglament de la comissió de supercomputació de la Universitat de València. (CG 3-II-2015. Modificat CG 22-XII-2020).","Text","https://webges.uv.es/uvTaeWeb/MuestraInformacionEdictoPublicoFrontAction.do?accion=inicio&idEdictoSeleccionado=27183","https://www.uv.es/uvweb/registro-general/es/reglamentos-uv/comisiones/reglamentos-1285878153449.html","2026-08-08"
"UV","comisiones","ACGUV 89/2020","Reglament de la Comissió de Diversitats. (CG 23-VI-2020. Modificat 3-X-2023. Modificat CG 21-VII-2026).","Text","https://webges.uv.es/uvTaeWeb/MuestraInformacionEdictoPublicoFrontAction.do?idEdictoSeleccionado=107284","https://www.uv.es/uvweb/registro-general/es/reglamentos-uv/comisiones/reglamentos-1285878153449.html","2026-08-08"
"UV","comisiones","ACGUV 89/2022","Constitució provisional de la Comissió de convivència. (CG 29-IV-2022).","Text","https://www.uv.es/sgeneral/Reglamentacio/Doc/Comissions/H41.pdf","https://www.uv.es/uvweb/registro-general/es/reglamentos-uv/comisiones/reglamentos-1285878153449.html","2026-08-08"
"UV","comisiones","ACUV 12/2005","Composició de la comissió d'avaluació de la qualitat dels serveis universitaris. (Claustre 14-VII-2005)","Text","http://www.uv.es/sgeneral/Reglamentacio/Doc/Comissions/H24.pdf","https://www.uv.es/uvweb/registro-general/es/reglamentos-uv/comisiones/reglamentos-1285878153449.html","2026-08-08"
"UV","comisiones","ACUV 14/2005","Composició de la comissió de professorat. (Claustre 14-VII-2005. Modificada claustre 14-I-2010)","Text","http://www.uv.es/sgeneral/Reglamentacio/Doc/Comissions/H25.pdf","https://www.uv.es/uvweb/registro-general/es/reglamentos-uv/comisiones/reglamentos-1285878153449.html","2026-08-08"
"UV","comisiones","ACUV 15/2005","Composició de la Comissió d'Investigació. (Claustre 14-VII-2005)","Text","https://www.uv.es/sgeneral/Reglamentacio/Doc/Comissions/H26.pdf","https://www.uv.es/uvweb/registro-general/es/reglamentos-uv/comisiones/reglamentos-1285878153449.html","2026-08-08"
"UV","comisiones","ACUV 16/2004","Composició i reglament d'organització i funcionament de la comissió d'estatuts. (Claustre 9-XI-2004. Modficat Claustre 14-I-2010)","Text","http://www.uv.es/sgeneral/Reglamentacio/Doc/Comissions/H6.pdf","https://www.uv.es/uvweb/registro-general/es/reglamentos-uv/comisiones/reglamentos-1285878153449.html","2026-08-08"
"UV","estudiantado","ACGUV 137/2005","Reglamento de gestión de censo de asociaciones y colectivos de estudiantes de la Universitat de València. (CG 14-VI-2005. Modificado CG 18-II-2019).","Texto","https://webges.uv.es/uvTaeWeb/MuestraInformacionEdictoPublicoFrontAction.do?idEdictoSeleccionado=15518","https://www.uv.es/uvweb/registro-general/es/reglamentos-uv/estudiantado/reglamentos-1285868559371.html","2026-08-08"
"UV","estudiantado","ACGUV 138/2019","Protocol d'atenció a la identitat i a l'expressió de gènere de la Universitat de València. (CG 20-VI-2019).","Text","http://www.uv.es/sgeneral/Reglamentacio/Doc/Pas/G19.pdf","https://www.uv.es/uvweb/registro-general/es/reglamentos-uv/estudiantado/reglamentos-1285868559371.html","2026-08-08"
"UV","estudiantado","ACGUV 138/2019","Protocol d'atenció a la identitat i a l'expressió de gènere de la Universitat de València. (CG 20-VI-2019).","Publicació DOGV","http://www.uv.es/sgeneral/Reglamentacio/Doc/Pas/G19_DOGV.pdf","https://www.uv.es/uvweb/registro-general/es/reglamentos-uv/estudiantado/reglamentos-1285868559371.html","2026-08-08"
"UV","estudiantado","ACGUV 245/2012","Reglament de règim intern de l'Assemblea General d'Estudiants (AGE). (CG 27-XI-2012. Modificat CG 26-IV-2017)","Text","https://webges.uv.es/uvTaeWeb/MuestraInformacionEdictoPublicoFrontAction.do?idEdictoSeleccionado=5281","https://www.uv.es/uvweb/registro-general/es/reglamentos-uv/estudiantado/reglamentos-1285868559371.html","2026-08-08"
"UV","estudiantado","IUV 1/2026","Instrucción del Vicerrectorado de Estudios y la Gerencia de la Universitat de València sobre la gestión de los recibos de matrícula del curso académico 2026-2027 (1/2026) + info Modalidades, plazos, calendario de emisión e impagos de recibos de matrícula. -info","Texto completo","https://webges.uv.es/uvTaeWeb/MuestraInformacionEdictoPublicoFrontAction.do?idEdictoSeleccionado=104104","https://www.uv.es/uvweb/registro-general/es/reglamentos-uv/estudiantado/reglamentos-1285868559371.html","2026-08-08"
"UV","estudiantado","IUV 10/2024","Instrucción por la que se prorroga la Instrucción sobre medidas por las inundaciones en la provincia de València (10/2024)","Text complet","https://webges.uv.es/uvTaeWeb/MuestraInformacionEdictoPublicoFrontAction.do?accion=inicio&idEdictoSeleccionado=75602","https://www.uv.es/uvweb/registro-general/es/reglamentos-uv/estudiantado/reglamentos-1285868559371.html","2026-08-08"
"UV","estudiantado","IUV 3/2025","Instrucción del Vicerrectorado de Estudios y la Gerencia sobre la gestión de los recibos de matrícula del curso académico 2025-2026 (3/2025)","Texto completo","https://webges.uv.es/uvTaeWeb/MuestraInformacionEdictoPublicoFrontAction.do?idEdictoSeleccionado=82525","https://www.uv.es/uvweb/registro-general/es/reglamentos-uv/estudiantado/reglamentos-1285868559371.html","2026-08-08"
"UV","estudiantado","IUV 4/2024","Instrucción del Vicerrectorado de Estudios y la Gerencia de la Universitat de València sobre la gestión de los recibos de matrícula del curso académico 2024-2025.","Texto completo","https://webges.uv.es/uvTaeWeb/MuestraInformacionEdictoPublicoFrontAction.do?idEdictoSeleccionado=68039","https://www.uv.es/uvweb/registro-general/es/reglamentos-uv/estudiantado/reglamentos-1285868559371.html","2026-08-08"
"UV","estudiantado","IUV 4/2025","Instrucción de la Gerència sobre las operaciones de cierre de la contabilidad del ejercicio 2025 (IUV 4/2025) + info Esta Instrucción regula las operaciones de cierre del ejercicio 2025 relativas a la contabilidad del presupuesto de gastos, ingresos y operaciones no presupuestarias de la UV. Con esta finalidad se fijan, entre otros, los plazos de los procesos contables. -info","IUV 4/2025","https://webges.uv.es/uvTaeWeb/MuestraInformacionEdictoPublicoFrontAction.do?accion=inicio&idEdictoSeleccionado=85371","https://www.uv.es/uvweb/registro-general/es/reglamentos-uv/estudiantado/reglamentos-1285868559371.html","2026-08-08"
"UV","estudiantado","IUV 5/2025","Instrucción de la Gerencia de la Universitat de València respecto a las actividades excluidas de la orden ism/386/2024, 29 de abril, modificada por la orden ISM/812/2024, de 26 de julio sobre la suscripción de convenio especial con la tesorería general de la seguridad social (TGSS). + info El 1 de junio de 2024 entró en vigor la Orden ISM/386/2024 que establece que la universidad deberá expedir un certificado de prácticas, a solicitud de las personas interesadas que reúnan las condiciones descritas en el ámbito de aplicación de la orden mencionada, y que se extiende a las personas que hubieran realizado prácticas formativas o prácticas académicas externas como alumnado universitario, vinculadas en todo caso a la obtención de titulaciones oficiales o títulos propios de las universidades. - PRÁCTICAS REMUNERADAS (...) ; - PRÁCTICAS NO REMUNERADAS (...) ; - PRÁCTICAS ACADÉMICAS EXTERNAS RETRIBUIDAS (...) ; - BECAS REMUNERADAS (...) ; - PROGRAMAS DE FORMACIÓN DE NATURALEZA INVESTIGADORA (...). Por tanto, quedan EXCLUIDOS de la CERTIFICACIÓN, a los efectos de la suscripción del convenio especial regulado por la Orden ISM/386/2024 de 29 de abril, los siguientes supuestos: - Los trabajos de investigación o tesis doctorales realizados dentro de los estudios de doctorado - Los cursos de doctorado - Los trabajos fin de grado (TFG) - Los trabajos fin de máster (TFM) - Las becas de colaboración - Tesinas de licenciatura - Diploma de Estudios Avanzados (DEA) -info","IUV 5/2025","https://webges.uv.es/uvTaeWeb/MuestraInformacionEdictoPublicoFrontAction.do?accion=inicio&idEdictoSeleccionado=89868","https://www.uv.es/uvweb/registro-general/es/reglamentos-uv/estudiantado/reglamentos-1285868559371.html","2026-08-08"
"UV","estudiantado","IUV 7/2024","Instrucción de la Gerencia de la UV sobre la aplicación del permiso parental del artículo 49.g del Estatuto Básico del Empleado Público.","Texto","https://webges.uv.es/uvTaeWeb/MuestraInformacionEdictoPublicoFrontAction.do?idEdictoSeleccionado=74281","https://www.uv.es/uvweb/registro-general/es/reglamentos-uv/estudiantado/reglamentos-1285868559371.html","2026-08-08"
"UV","estudiantado","IUV 8/2024","Instrucción de la Gerencia de la Universitat de València sobre medidas de flexibilización y atención para hacer frente a las consecuencias de la DANA de octubre de 2024. + info Medidas excepcionales de flexibilidad para el estudiantado y el pesonal ante las graves consecuencias de la DANA. -info","IUV 8/2024","https://webges.uv.es/uvTaeWeb/MuestraInformacionEdictoPublicoFrontAction.do?accion=inicio&idEdictoSeleccionado=74328","https://www.uv.es/uvweb/registro-general/es/reglamentos-uv/estudiantado/reglamentos-1285868559371.html","2026-08-08"
"UV","estudiantado","IUV 9/2024","Instrucción de la Gerencia de la Universitat de València sobre medidas por las inundaciones en la provincia de València","Texto completo","https://webges.uv.es/uvTaeWeb/MuestraInformacionEdictoPublicoFrontAction.do?accion=inicio&idEdictoSeleccionado=74545","https://www.uv.es/uvweb/registro-general/es/reglamentos-uv/estudiantado/reglamentos-1285868559371.html","2026-08-08"
"UV","estudiantado","RUV_22-4-2022","Resolución del Vicerectorado de Sostenibilidad, Cooperación y Vida Saludable en relación con el uso de la mascarilla como medida de protección en las instalaciones de la Universitat de València","Texto de la resolución","https://www.uv.es/covid/resolucion-mascarillas.pdf","https://www.uv.es/uvweb/registro-general/es/reglamentos-uv/estudiantado/reglamentos-1285868559371.html","2026-08-08"
"UV","estudios","ACGUV 108/2017","Reglamento de evaluación y calificación de la Universitat de València para títulos de grado y de máster. (CG 30-V-2017).","Texto","https://webges.uv.es/uvTaeWeb/MuestraInformacionEdictoPublicoFrontAction.do?accion=inicio&idEdictoSeleccionado=5639","https://www.uv.es/uvweb/registro-general/es/reglamentos-uv/estudios/estudios-grado-1285880959301.html","2026-08-08"
"UV","estudios","ACGUV 111/2008","Criteris per a l'assignació de la docència de postgrau en els departaments de la Universitat de València. (CG 24-VI-2008)","Text","http://www.uv.es/sgeneral/Reglamentacio/Doc/Estudis/C39.pdf","https://www.uv.es/uvweb/registro-general/es/reglamentos-uv/estudios/estudios-postgrado-1285880622414.html","2026-08-08"
"UV","estudios","ACGUV 154/2009","Reglament de les Comissions Acadèmiques de Títol. (CG 22-VII-2009)","Text","http://www.uv.es/sgeneral/Reglamentacio/Doc/Estudis/C41.pdf","https://www.uv.es/uvweb/registro-general/es/reglamentos-uv/estudios/estudios-grado-1285880959301.html","2026-08-08"
"UV","estudios","ACGUV 156/2010","Reglament sobre admissió d'estudiants/es amb estudis universitaris oficials parcials. (CG 27-VII-2010. Modificat CG 27-III-2012)","Text","http://www.uv.es/sgeneral/Reglamentacio/Doc/Estudis/C52.pdf","https://www.uv.es/uvweb/registro-general/es/reglamentos-uv/estudios/estudios-grado-1285880959301.html","2026-08-08"
"UV","estudios","ACGUV 178/2023","Reglament de reconeixement i transferència de crèdits en títols oficials de grau i màster de la Universitat de València. (CG 11-VII-2023).","Text","https://webges.uv.es/uvTaeWeb/MuestraInformacionEdictoPublicoFrontAction.do?idEdictoSeleccionado=55901","https://www.uv.es/uvweb/registro-general/es/reglamentos-uv/estudios/estudios-grado-1285880959301.html","2026-08-08"
"UV","estudios","ACGUV 199/2017","Reglamento de Estudios Oficiales de Postgrado de la Universitat de València. (CG 25-VII-2017. Modificado CG 2-VII-2024).","Texto","https://webges.uv.es/uvTaeWeb/MuestraInformacionEdictoPublicoFrontAction.do?idEdictoSeleccionado=71866","https://www.uv.es/uvweb/registro-general/es/reglamentos-uv/estudios/estudios-postgrado-1285880622414.html","2026-08-08"
"UV","estudios","ACGUV 206/2024","Reglament del Treball de Fi de Grau i Treball de Fi de Màster Oficial de la Universitat de València. (CG 2-VII-2024).","Text","https://webges.uv.es/uvTaeWeb/MuestraInformacionEdictoPublicoFrontAction.do?idEdictoSeleccionado=69622","https://www.uv.es/uvweb/registro-general/es/reglamentos-uv/estudios/estudios-grado-1285880959301.html","2026-08-08"
"UV","estudios","ACGUV 244/2006","Reglament de beques de col·laboració de la Universitat de València. (CG 28-XI-2006).","Text","http://www.uv.es/sgeneral/Reglamentacio/Doc/Estudis/C30.pdf","https://www.uv.es/uvweb/registro-general/es/reglamentos-uv/estudios/estudios-grado-1285880959301.html","2026-08-08"
"UV","estudios","ACGUV 252/2024","Reglament sobre depòsit, avaluació i defensa de la tesi doctoral. (CG 23-VII-2024. Modificat CG 17-XII-2024).","Text","https://webges.uv.es/uvTaeWeb/MuestraInformacionEdictoPublicoFrontAction.do?idEdictoSeleccionado=76517","https://www.uv.es/uvweb/registro-general/es/reglamentos-uv/estudios/estudios-postgrado-1285880622414.html","2026-08-08"
"UV","estudios","ACGUV 316/2011","Criteri d'equivalència dels estudis cursats en programes de doctorat adaptats al l'EEES amb els programes de doctorat amb regulacions anteriors. (CG 20-XII-2011)","Text","http://www.uv.es/sgeneral/Reglamentacio/Doc/Estudis/C64.pdf","https://www.uv.es/uvweb/registro-general/es/reglamentos-uv/estudios/estudios-postgrado-1285880622414.html","2026-08-08"
"UV","estudios","ACGUV 363/2024","Reglament de Règim Intern de l'Escola de Doctorat i d'Estudis de Doctorat de la Universitat de València. (CG 17-XII-2024).","Text","https://webges.uv.es/uvTaeWeb/MuestraInformacionEdictoPublicoFrontAction.do?idEdictoSeleccionado=76046","https://www.uv.es/uvweb/registro-general/es/reglamentos-uv/estudios/estudios-postgrado-1285880622414.html","2026-08-08"
"UV","estudios","ACGUV 37/2021","Reglament d'accés als estudis universitaris de grau per a persones majors de 25, 40 i 45 anys. (CG 9-III-2021).","Text","https://webges.uv.es/uvTaeWeb/MuestraInformacionEdictoPublicoFrontAction.do?idEdictoSeleccionado=28960","https://www.uv.es/uvweb/registro-general/es/reglamentos-uv/estudios/estudios-grado-1285880959301.html","2026-08-08"
"UV","estudios","ACGUV 48/2025","Reglament de matrícula de la Universitat de València per a títols de grau i màster oficial. (CG 11-III-25).","Text","https://webges.uv.es/uvTaeWeb/MuestraInformacionEdictoPublicoFrontAction.do?idEdictoSeleccionado=79071","https://www.uv.es/uvweb/registro-general/es/reglamentos-uv/estudios/estudios-grado-1285880959301.html","2026-08-08"
"UV","estudios","ACGUV 6/2024","Reglament de programes de doble titulació de grau i màster oficial. (CG 30-I-2024).","Text","https://webges.uv.es/uvTaeWeb/MuestraInformacionEdictoPublicoFrontAction.do?idEdictoSeleccionado=64246","https://www.uv.es/uvweb/registro-general/es/reglamentos-uv/estudios/estudios-grado-1285880959301.html","2026-08-08"
"UV","estudios","ACGUV 66/2018","Certificats de coneixement de valencià que expedeix el Servei de Llengües i Política Lingüística de la Universitat de València i les equivalències d'altres títols, diplomes i certificats. (CG 24-IV-2018)","Text","https://www.uv.es/sgeneral/Reglamentacio/Doc/Estudis/C80.pdf","https://www.uv.es/uvweb/registro-general/es/reglamentos-uv/estudios/estudios-grado-1285880959301.html","2026-08-08"
"UV","estudios","ACGUV 9/2016","Reglament regulador dels requisits i procediment per a la declaració d'equivalència de títols estrangers d'educació superior a nivell acadèmic de doctor de la Universitat de València. (CG 2-II-2016).","Text","http://www.uv.es/sgeneral/Reglamentacio/Doc/Estudis/C78.pdf","https://www.uv.es/uvweb/registro-general/es/reglamentos-uv/estudios/estudios-postgrado-1285880622414.html","2026-08-08"
"UV","estudios","ACGUV 99/2014","Accés als estudis de doctorat regulats pel RD 99/2011 des de titulacions oficials universitàries espanyoles anteriors a les regulades pel RD 1393/2007. (CG 24-VI-2014)","Text","http://www.uv.es/sgeneral/Reglamentacio/Doc/Estudis/C71.pdf","https://www.uv.es/uvweb/registro-general/es/reglamentos-uv/estudios/estudios-postgrado-1285880622414.html","2026-08-08"
"UV","estudios","IUV 5/2025","Instrucción de la Gerencia de la Universitat de València respecto a las actividades excluidas de la orden ism/386/2024, 29 de abril, modificada por la orden ISM/812/2024, de 26 de julio sobre la suscripción de convenio especial con la tesorería general de la seguridad social (TGSS). + info El 1 de junio de 2024 entró en vigor la Orden ISM/386/2024 que establece que la universidad deberá expedir un certificado de prácticas, a solicitud de las personas interesadas que reúnan las condiciones descritas en el ámbito de aplicación de la orden mencionada, y que se extiende a las personas que hubieran realizado prácticas formativas o prácticas académicas externas como alumnado universitario, vinculadas en todo caso a la obtención de titulaciones oficiales o títulos propios de las universidades. - PRÁCTICAS REMUNERADAS (...) ; - PRÁCTICAS NO REMUNERADAS (...) ; - PRÁCTICAS ACADÉMICAS EXTERNAS RETRIBUIDAS (...) ; - BECAS REMUNERADAS (...) ; - PROGRAMAS DE FORMACIÓN DE NATURALEZA INVESTIGADORA (...). Por tanto, quedan EXCLUIDOS de la CERTIFICACIÓN, a los efectos de la suscripción del convenio especial regulado por la Orden ISM/386/2024 de 29 de abril, los siguientes supuestos: - Los trabajos de investigación o tesis doctorales realizados dentro de los estudios de doctorado - Los cursos de doctorado - Los trabajos fin de grado (TFG) - Los trabajos fin de máster (TFM) - Las becas de colaboración - Tesinas de licenciatura - Diploma de Estudios Avanzados (DEA) -info","IUV 5/2025","https://webges.uv.es/uvTaeWeb/MuestraInformacionEdictoPublicoFrontAction.do?accion=inicio&idEdictoSeleccionado=89868","https://www.uv.es/uvweb/registro-general/es/reglamentos-uv/estudios/estudios-postgrado-1285880622414.html","2026-08-08"
"UV","estudios","IUV 9/2021","Instrucción de la Gerencia de la Universitat de València sobre la gestión económica de los estudios de máster universitario oficial.","IUV 9/2021","https://webges.uv.es/uvTaeWeb/MuestraInformacionEdictoPublicoFrontAction.do?accion=inicio&idEdictoSeleccionado=30081","https://www.uv.es/uvweb/registro-general/es/reglamentos-uv/estudios/estudios-postgrado-1285880622414.html","2026-08-08"
"UV","estudios","IUV 9/2021","Instrucción de la Gerencia de la Universitat de València sobre la gestión económica de los estudios de máster universitario oficial.","Enmiendas al Anexo","https://www.uv.es/gerencia/circulars/Annex_IUV_9_2021.pdf","https://www.uv.es/uvweb/registro-general/es/reglamentos-uv/estudios/estudios-postgrado-1285880622414.html","2026-08-08"
"UV","internacionalizacion","ACGUV 11/2003","Normativa per a la signatura de convenis de cooperació institucional. (C.G. 21-I-2003).","Text","http://www.uv.es/sgeneral/Reglamentacio/Doc/Relacions_ext/J1.pdf","https://www.uv.es/uvweb/registro-general/es/reglamentos-uv/internacionalizacion/internacionalizacion-1285894353312.html","2026-08-08"
"UV","internacionalizacion","ACGUV 196/2013","Reglament de mobilitat de la Universitat de València. (CG 29-X-2013).","Text","http://www.uv.es/sgeneral/Reglamentacio/Doc/Estudis/C70.pdf","https://www.uv.es/uvweb/registro-general/es/reglamentos-uv/internacionalizacion/internacionalizacion-1285894353312.html","2026-08-08"
"UV","investigacion","ACGUV 103/2019","Barem per a la valoració de la memòria anual d'Investigació. (CG 21-V-2019).","Text","http://www.uv.es/sgeneral/Reglamentacio/Doc/Investigacio/B29.pdf","https://www.uv.es/uvweb/registro-general/es/reglamentos-uv/investigacion/reglamentos-1285868559241.html","2026-08-08"
"UV","investigacion","ACGUV 114/2016","Reglament de Selecció de personal investigador doctor de caràcter indefinit. (CG 31-V-2016).","Text","http://www.uv.es/sgeneral/Reglamentacio/Doc/Investigacio/B28.pdf","https://www.uv.es/uvweb/registro-general/es/reglamentos-uv/investigacion/reglamentos-1285868559241.html","2026-08-08"
"UV","investigacion","ACGUV 124/2021","Reglament del Comité de Bioseguretat de la Universitat de València. (CG 1-VI-2021).","Text","https://webges.uv.es/uvTaeWeb/MuestraInformacionEdictoPublicoFrontAction.do?accion=inicio&idEdictoSeleccionado=30544","https://www.uv.es/uvweb/registro-general/es/reglamentos-uv/investigacion/reglamentos-1285868559241.html","2026-08-08"
"UV","investigacion","ACGUV 172/2022","Reglament pel qual es desenvolupa la Normativa per a la contractació d'activitats de caràcter científic, tecnològic, humanístic o artístic, així com per a activitats específiques de formació. (CG 11-VII-2022. Modificat CG 2-VII-2024).","Text","https://webges.uv.es/uvTaeWeb/MuestraInformacionEdictoPublicoFrontAction.do?idEdictoSeleccionado=69614","https://www.uv.es/uvweb/registro-general/es/reglamentos-uv/investigacion/reglamentos-1285868559241.html","2026-08-08"
"UV","investigacion","ACGUV 220/2019","Criteris de participació de la Universitat de València en les convocatòries d'ajudes per a la incorporació de personal investigador doctor. (CG 5-XI-2019).","Text","http://www.uv.es/sgeneral/Reglamentacio/Doc/Investigacio/B30.pdf","https://www.uv.es/uvweb/registro-general/es/reglamentos-uv/investigacion/reglamentos-1285868559241.html","2026-08-08"
"UV","investigacion","ACGUV 236/2006","Reglament sobre empreses derivades de la recerca (Spin-Off), a iniciativa del personal de la Universitat de València. (CG 28-XI-2006. Modificat 3-X-2023).","Text","https://webges.uv.es/uvTaeWeb/MuestraInformacionEdictoPublicoFrontAction.do?idEdictoSeleccionado=59449","https://www.uv.es/uvweb/registro-general/es/reglamentos-uv/investigacion/reglamentos-1285868559241.html","2026-08-08"
"UV","investigacion","ACGUV 237/2012","Reglament del personal investigador de la Universitat de València. (CG 27-XI-2012. Modificat CG 10-VII-2018. Modificat CG 21-V-2019).","Text","https://webges.uv.es/uvTaeWeb/MuestraInformacionEdictoPublicoFrontAction.do?accion=inicio&idEdictoSeleccionado=16655","https://www.uv.es/uvweb/registro-general/es/reglamentos-uv/investigacion/reglamentos-1285868559241.html","2026-08-08"
"UV","investigacion","ACGUV 240/2013","Programa marc per a la contractació de personal investigador doctor de la Universitat de València. (CG 17-XII-2013. Modificat CG 9-III-2016. Modificat CG 14-VI-2017).","Text","http://www.uv.es/sgeneral/Reglamentacio/Doc/Investigacio/B27.pdf","https://www.uv.es/uvweb/registro-general/es/reglamentos-uv/investigacion/reglamentos-1285868559241.html","2026-08-08"
"UV","investigacion","ACGUV 256/2025","Política de Ciència Oberta de la Universitat de València. (CG 7-X-2025).","Text","https://webges.uv.es/uvTaeWeb/MuestraInformacionEdictoPublicoFrontAction.do?idEdictoSeleccionado=87399","https://www.uv.es/uvweb/registro-general/es/reglamentos-uv/investigacion/reglamentos-1285868559241.html","2026-08-08"
"UV","investigacion","ACGUV 267/2017","Reglament per a la creació i funcionament de les Càtedres de la Universitat de València. (CG 31-X-2017. Modificat 9-XI-2023)","Text","https://webges.uv.es/uvTaeWeb/MuestraInformacionEdictoPublicoFrontAction.do?idEdictoSeleccionado=61360","https://www.uv.es/uvweb/registro-general/es/reglamentos-uv/investigacion/reglamentos-1285868559241.html","2026-08-08"
"UV","investigacion","ACGUV 32/2007","Reglament pel qual es desenvolupa la normativa per a la contractació d'activitats de caràcter científic, tècnic o artístic. (CG 6-III-2007). * Derogat pel Reglament pel qual es desenvolupa la Normativa per a la contractació d'activitats de caràcter científic, tecnològic, humanístic o artístic, així com per a activitats específiques de formació (ACGUV172/2022), sense perjudici del que estableix la seua disposició transitòria.","Text","http://www.uv.es/sgeneral/Reglamentacio/Doc/Investigacio/B23.pdf","https://www.uv.es/uvweb/registro-general/es/reglamentos-uv/investigacion/reglamentos-1285868559241.html","2026-08-08"
"UV","investigacion","ACGUV 328/2023","Reglament de propietat industrial i intel·lectual de la Universitat de València.","Text","https://webges.uv.es/uvTaeWeb/MuestraInformacionEdictoPublicoFrontAction.do?idEdictoSeleccionado=62891","https://www.uv.es/uvweb/registro-general/es/reglamentos-uv/investigacion/reglamentos-1285868559241.html","2026-08-08"
"UV","investigacion","ACGUV 48/2013","Reglament pel qual es desenvolupa el procediment per a la creació d'estructures d'investigació de la Universitat de València. (CG 28-III-2013. Modificat CG 20-XII-2022)","Text","https://webges.uv.es/uvTaeWeb/MuestraInformacionEdictoPublicoFrontAction.do?idEdictoSeleccionado=49077","https://www.uv.es/uvweb/registro-general/es/reglamentos-uv/investigacion/reglamentos-1285868559241.html","2026-08-08"
"UV","investigacion","ACGUV 51/2002","Reglament de la Càtedra ""Joan Fuster"". (CG 17-XII-2002)","Text","http://www.uv.es/sgeneral/Reglamentacio/Doc/Investigacio/B12.pdf","https://www.uv.es/uvweb/registro-general/es/reglamentos-uv/investigacion/reglamentos-1285868559241.html","2026-08-08"
"UV","investigacion","ACGUV 88/2020","Reglament de Funcionament del Registre Espanyol de Tumors Infantis RETI (SEHOP-UV). (CG 23-VI-2020. Modificat CG 10-II_2026).","Text","https://webges.uv.es/uvTaeWeb/MuestraInformacionEdictoPublicoFrontAction.do?idEdictoSeleccionado=94722","https://www.uv.es/uvweb/registro-general/es/reglamentos-uv/investigacion/reglamentos-1285868559241.html","2026-08-08"
"UV","investigacion","IUV 10/2024","Instrucción por la que se prorroga la Instrucción sobre medidas por las inundaciones en la provincia de València (10/2024)","Text complet","https://webges.uv.es/uvTaeWeb/MuestraInformacionEdictoPublicoFrontAction.do?accion=inicio&idEdictoSeleccionado=75602","https://www.uv.es/uvweb/registro-general/es/reglamentos-uv/investigacion/reglamentos-1285868559241.html","2026-08-08"
"UV","investigacion","IUV 7/2024","Instrucción de la Gerencia de la UV sobre la aplicación del permiso parental del artículo 49.g del Estatuto Básico del Empleado Público.","Texto","https://webges.uv.es/uvTaeWeb/MuestraInformacionEdictoPublicoFrontAction.do?idEdictoSeleccionado=74281","https://www.uv.es/uvweb/registro-general/es/reglamentos-uv/investigacion/reglamentos-1285868559241.html","2026-08-08"
"UV","investigacion","IUV 9/2024","Instrucción de la Gerencia de la Universitat de València sobre medidas por las inundaciones en la provincia de València","Texto completo","https://webges.uv.es/uvTaeWeb/MuestraInformacionEdictoPublicoFrontAction.do?accion=inicio&idEdictoSeleccionado=74545","https://www.uv.es/uvweb/registro-general/es/reglamentos-uv/investigacion/reglamentos-1285868559241.html","2026-08-08"
"UV","investigacion","L 28/2022","Ley 28/2022, de 21 de diciembre, de fomento del ecosistema de las empresas emergentes","Texto","https://www.boe.es/buscar/act.php?id=BOE-A-2022-21739","https://www.uv.es/uvweb/registro-general/es/reglamentos-uv/investigacion/reglamentos-1285868559241.html","2026-08-08"
"UV","pas","ACGUV 11/2021","Reglament de selecció del personal tècnic, de gestió i d'administració i serveis de la Universitat de València. (CG 2-II-2021. Modificat CG 29-IV-2022. Modificat CG 11-VII-2023. Modificat 17-XII-2024).","Text","https://webges.uv.es/uvTaeWeb/MuestraInformacionEdictoPublicoFrontAction.do?idEdictoSeleccionado=76050","https://www.uv.es/uvweb/registro-general/es/reglamentos-uv/pas/personal-administracion-servcios-1285894336188.html","2026-08-08"
"UV","pas","ACGUV 120/1999","Llicència retribuida per al personal de la Universitat de València per als casos d'adopció de menors a l'estranger. (J.G. 5-V-1999)","Text","http://www.uv.es/sgeneral/Reglamentacio/Doc/Pas/G4.pdf","https://www.uv.es/uvweb/registro-general/es/reglamentos-uv/pas/personal-administracion-servcios-1285894336188.html","2026-08-08"
"UV","pas","ACGUV 131/2016","Reglament sobre assistència jurídica dels empleats públics al servei de la Universitat de València. (CG 31-V-2016).","Text","http://www.uv.es/sgeneral/Reglamentacio/Doc/Pas/G15.pdf","https://www.uv.es/uvweb/registro-general/es/reglamentos-uv/pas/personal-administracion-servcios-1285894336188.html","2026-08-08"
"UV","pas","ACGUV 132/2016","Acord per a l'aplicació, al personal de la Universitat de València, de l'adaptació progressiva a la jornada de treball ordinària, per a la seua reincorporació al servei efectiu, a la finalització de tractaments de radioteràpia i quimioteràpia. (CG 31-V-2016).","Text","http://www.uv.es/sgeneral/Reglamentacio/Doc/Pas/G16.pdf","https://www.uv.es/uvweb/registro-general/es/reglamentos-uv/pas/personal-administracion-servcios-1285894336188.html","2026-08-08"
"UV","pas","ACGUV 133/2025","Acord del Consell de Govern de la Universitat de València per a la promoció del plurilingüisme. (CG 3-VI-2025).","Text","https://webges.uv.es/uvTaeWeb/MuestraInformacionEdictoPublicoFrontAction.do?idEdictoSeleccionado=82281","https://www.uv.es/uvweb/registro-general/es/reglamentos-uv/pas/personal-administracion-servcios-1285894336188.html","2026-08-08"
"UV","pas","ACGUV 134/2025","Reglament per a la sol·licitud de prolongació de la vida laboral del PTGAS de la Universitat de València. (CG 3-VI-2025).","Text","https://webges.uv.es/uvTaeWeb/MuestraInformacionEdictoPublicoFrontAction.do?idEdictoSeleccionado=81917","https://www.uv.es/uvweb/registro-general/es/reglamentos-uv/pas/personal-administracion-servcios-1285894336188.html","2026-08-08"
"UV","pas","ACGUV 138/2019","Protocol d'atenció a la identitat i a l'expressió de gènere de la Universitat de València. (CG 20-VI-2019).","Text","http://www.uv.es/sgeneral/Reglamentacio/Doc/Pas/G19.pdf","https://www.uv.es/uvweb/registro-general/es/reglamentos-uv/pas/personal-administracion-servcios-1285894336188.html","2026-08-08"
"UV","pas","ACGUV 138/2019","Protocol d'atenció a la identitat i a l'expressió de gènere de la Universitat de València. (CG 20-VI-2019).","Publicació DOGV","http://www.uv.es/sgeneral/Reglamentacio/Doc/Pas/G19_DOGV.pdf","https://www.uv.es/uvweb/registro-general/es/reglamentos-uv/pas/personal-administracion-servcios-1285894336188.html","2026-08-08"
"UV","pas","ACGUV 14/2022","Reglament de teletreball del Personal d'Administració i Serveis de la Universitat de València. (CG 1-II-2022. Modificat CG 5-IV-2023).","Text","https://webges.uv.es/uvTaeWeb/MuestraInformacionEdictoPublicoFrontAction.do?idEdictoSeleccionado=52350","https://www.uv.es/uvweb/registro-general/es/reglamentos-uv/pas/personal-administracion-servcios-1285894336188.html","2026-08-08"
"UV","pas","ACGUV 151/2019","Acord per a l'aplicació del Decret 42/2019, de 22 de març, del Consell, en matèria de permisos, llicències i reduccions de jornada. (CG 20-VI-2019).","Text","http://www.uv.es/sgeneral/Reglamentacio/Doc/Pas/G20.pdf","https://www.uv.es/uvweb/registro-general/es/reglamentos-uv/pas/personal-administracion-servcios-1285894336188.html","2026-08-08"
"UV","pas","ACGUV 152/2019","Barems per a la provisió de llocs de treball del personal d'administració i serveis de la Universitat de València. (CG 20-VI-2019. Modificat CG 25-VI-2026).","Text","https://www.uv.es/sgeneral/Reglamentacio/Doc/Pas/2019_152_Berems%20provisi%c3%b3%20llocs%20de%20treball%20PAS%20%28Text%20ref%c3%b3s%29_Mod_2026.pdf","https://www.uv.es/uvweb/registro-general/es/reglamentos-uv/pas/personal-administracion-servcios-1285894336188.html","2026-08-08"
"UV","pas","ACGUV 156/2018","Tabla de equivalencias de acreditación de idiomas L2 de la Universitat de València. (CG 10-VII-2018. Modificado CG 23-VII-2021. Modificado CG 8-VI-2023. Modificado CG 2-VII-2024. Modificado CG 25-VI-2026).","Texto","https://www.uv.es/sgeneral/Reglamentacio/Doc/Pas/2018_156_Taula_equivalencies_L2_Modif%202026.pdf","https://www.uv.es/uvweb/registro-general/es/reglamentos-uv/pas/personal-administracion-servcios-1285894336188.html","2026-08-08"
"UV","pas","ACGUV 167/2014","Reglamento de usos lingüísticos de la Universitat de València. (CG 30-IX-2014. Modificado CG 8-VI-2023. Modificado CG 7-X-2025).","Texto","https://webges.uv.es/uvTaeWeb/MuestraInformacionEdictoPublicoFrontAction.do?idEdictoSeleccionado=87388","https://www.uv.es/uvweb/registro-general/es/reglamentos-uv/pas/personal-administracion-servcios-1285894336188.html","2026-08-08"
"UV","pas","ACGUV 18/2013","Acuerdo de Consejo de Gobierno 18/2013 sobre los complementos retributivos a la prestación económica de seguridad social por la situación de incapacidad temporal. (CG 5-II-2013)","Acuerdo de Consejo de Gobierno 18/2013 (PAS)","http://www.uv.es/~sgeneral/Reglamentacio/Doc/Pas/G11.pdf","https://www.uv.es/uvweb/registro-general/es/reglamentos-uv/pas/personal-administracion-servcios-1285894336188.html","2026-08-08"
"UV","pas","ACGUV 18/2013","Acuerdo de Consejo de Gobierno 18/2013 sobre los complementos retributivos a la prestación económica de seguridad social por la situación de incapacidad temporal. (CG 5-II-2013)","Acuerdo de Consejo de Gobierno 18/2013 (PDI)","http://www.uv.es/sgeneral/Reglamentacio/Doc/Professorat/A57.pdf","https://www.uv.es/uvweb/registro-general/es/reglamentos-uv/pas/personal-administracion-servcios-1285894336188.html","2026-08-08"
"UV","pas","ACGUV 184/2012","Reglament de composició i funcionament de les comissions de valoració per a la provisió de llocs de treball de la plantilla de personal d'administració i serveis de la Universitat de València. (CG 30-VII-2012)","Text","http://www.uv.es/sgeneral/Reglamentacio/Doc/Pas/G8.pdf","https://www.uv.es/uvweb/registro-general/es/reglamentos-uv/pas/personal-administracion-servcios-1285894336188.html","2026-08-08"
"UV","pas","ACGUV 197/2023","Reglament de la direcció pública professional de la Universitat de València. (CG 11-VII-2023. Modificat CG 25-VI-2026).","Text","https://webges.uv.es/uvTaeWeb/MuestraInformacionEdictoPublicoFrontAction.do?idEdictoSeleccionado=105689","https://www.uv.es/uvweb/registro-general/es/reglamentos-uv/pas/personal-administracion-servcios-1285894336188.html","2026-08-08"
"UV","pas","ACGUV 198/2023","Reglament de creació i gestió de borses de treball del personal tècnic, de gestió i d'administració i serveis de la Universitat de València. (CG 11-VII-2023. Modificat CG 16-XII-2025. Modificat CG 25-VI-2026).","Text","https://webges.uv.es/uvTaeWeb/MuestraInformacionEdictoPublicoFrontAction.do?idEdictoSeleccionado=105705","https://www.uv.es/uvweb/registro-general/es/reglamentos-uv/pas/personal-administracion-servcios-1285894336188.html","2026-08-08"
"UV","pas","ACGUV 205/2009","Plan de Prevención de Riesgos Laborales de la Universitat de València. (CG 1-XII-2009. Modificado CG 28-III-2017)","Texto","http://www.uv.es/sgeneral/Reglamentacio/Doc/Pas/G17_sp.pdf","https://www.uv.es/uvweb/registro-general/es/reglamentos-uv/pas/personal-administracion-servcios-1285894336188.html","2026-08-08"
"UV","pas","ACGUV 207/2022","Barems dels sistemes selectius del processos d'estabilització de l'Oferta Pública Extraordinària d'Ocupació de PAS de 2022. (CG 29-IX-2022).","Text","https://webges.uv.es/uvTaeWeb/MuestraInformacionEdictoPublicoFrontAction.do?idEdictoSeleccionado=45910","https://www.uv.es/uvweb/registro-general/es/reglamentos-uv/pas/personal-administracion-servcios-1285894336188.html","2026-08-08"
"UV","pas","ACGUV 275/1991","Barem general d'aplicació als concursos de mèrits per a la provisió de llocs de treball en la Universitat de València. (J.G. 22-X-1991, per a sustitució del barem aprovat en Junta de Govern de 27-XI-1988. Interpretació de l'apartat de coneixements de valencià, AJGUV 1998/214 de 21-VII-1998)","Text","http://www.uv.es/sgeneral/Reglamentacio/Doc/Pas/G1.pdf","https://www.uv.es/uvweb/registro-general/es/reglamentos-uv/pas/personal-administracion-servcios-1285894336188.html","2026-08-08"
"UV","pas","ACGUV 28/2016","Protocol d'actuació davant factors de risc psicosocial en l'àmbit de la Universitat de València. (CG 9-III-2016)","Text","http://www.uv.es/sgeneral/Reglamentacio/Doc/Pas/G14.pdf","https://www.uv.es/uvweb/registro-general/es/reglamentos-uv/pas/personal-administracion-servcios-1285894336188.html","2026-08-08"
"UV","pas","ACGUV 289/1997","Proposta d'actuació per a la millora de l'ús del valencià a la Universitat de València. (J.G. 21-X-1997)","Text","http://www.uv.es/sgeneral/Reglamentacio/Doc/Pas/G3.pdf","https://www.uv.es/uvweb/registro-general/es/reglamentos-uv/pas/personal-administracion-servcios-1285894336188.html","2026-08-08"
"UV","pas","ACGUV 302/2012","Reglamento de jornada y horario de trabajo del personal de administración y servicios de la Universitat de València. (CG 21-XII-2012. Modificado CG 2-IV-2019. Modificado CG 17-XII-2019).","Texto","https://webges.uv.es/uvTaeWeb/MuestraInformacionEdictoPublicoFrontAction.do?idEdictoSeleccionado=21624","https://www.uv.es/uvweb/registro-general/es/reglamentos-uv/pas/personal-administracion-servcios-1285894336188.html","2026-08-08"
"UV","pas","ACGUV 307/2015","Protocol per a l'acolliment de dones víctimes de violència de gènere (personal d'administració i serveis d'universitats públiques espanyoles). (CG 18-XII-2015).","Text","http://www.uv.es/sgeneral/Reglamentacio/Doc/Pas/G12.pdf","https://www.uv.es/uvweb/registro-general/es/reglamentos-uv/pas/personal-administracion-servcios-1285894336188.html","2026-08-08"
"UV","pas","ACGUV 307/2015","Protocol per a l'acolliment de dones víctimes de violència de gènere (personal d'administració i serveis d'universitats públiques espanyoles). (CG 18-XII-2015).","Texto en castellano","http://www.uv.es/sgeneral/Reglamentacio/Doc/Pas/G13.pdf","https://www.uv.es/uvweb/registro-general/es/reglamentos-uv/pas/personal-administracion-servcios-1285894336188.html","2026-08-08"
"UV","pas","ACGUV 54/2004","Acord pres per la mesa negociadora en febrer de 2004 sobre condicions de treball. (Ratificat C.G.30-III-2004). (Derogat l'apartat 5 i la totalitat de l'annex I. CG 21/XII/2012). (Modificat CG 26-IV-2016). (Derogat de l’Annex II:els criteris generals, punt I, Punt II apartat a), Punt III apartats 1.a.b;1.a.c i 1.a.d. Tot l’Annex III (ACGUV 11/2021).","Text","http://www.uv.es/sgeneral/Reglamentacio/Doc/Pas/G5.pdf","https://www.uv.es/uvweb/registro-general/es/reglamentos-uv/pas/personal-administracion-servcios-1285894336188.html","2026-08-08"
"UV","pas","ACGUV 55/1994","Normativa sobre el control d'assistència al treball. (J.G.15-III-1994. Prorrogada en J.G. del 8-V-1995, fins que s'aprove el nou procediment)","Text","http://www.uv.es/sgeneral/Reglamentacio/Doc/Professorat/A17.pdf","https://www.uv.es/uvweb/registro-general/es/reglamentos-uv/pas/personal-administracion-servcios-1285894336188.html","2026-08-08"
"UV","pas","CIUV 2/2024","Circular de la Gerència sobre la adquisición de equipamiento informático en el contexto de las inundaciones en la provincia de València (CIUV 2/2024).","Texto completo","https://webges.uv.es/uvTaeWeb/MuestraInformacionEdictoPublicoFrontAction.do?accion=inicio&idEdictoSeleccionado=74625","https://www.uv.es/uvweb/registro-general/es/reglamentos-uv/pas/personal-administracion-servcios-1285894336188.html","2026-08-08"
"UV","pas","CIUV AAPP 2024","Circular de la Gerencia de la Universitat de València respecto al disfrute de los días de asuntos propios correspondientes al año 2024","Text complet","https://www.uv.es/gerencia/privatcirculars/circulars/Circular_Gerencia_AAPP_2024.pdf","https://www.uv.es/uvweb/registro-general/es/reglamentos-uv/pas/personal-administracion-servcios-1285894336188.html","2026-08-08"
"UV","pas","IUV 1/2023","Instrucción de la Gerencia de la Universitat de València sobre partes médicos de incapacidad temporal y prestaciones por nacimiento y cuidado de menor. + info Esta instrucción fija las normas para la gestión de los partes médicos de Incapacidad Temporal (IT) y las prestaciones por nacimiento y cuiddo de menor (NICM) del personal de la UV adscrito al Régimen General de la Seguridad Social, con excepción del PDI funcionario de carrera que estuviera adscrito a este régimen. -info","IUV 1/2023","https://webges.uv.es/uvTaeWeb/MuestraInformacionEdictoPublicoFrontAction.do?idEdictoSeleccionado=52161","https://www.uv.es/uvweb/registro-general/es/reglamentos-uv/pas/personal-administracion-servcios-1285894336188.html","2026-08-08"
"UV","pas","IUV 10/2024","Instrucción por la que se prorroga la Instrucción sobre medidas por las inundaciones en la provincia de València (10/2024)","Text complet","https://webges.uv.es/uvTaeWeb/MuestraInformacionEdictoPublicoFrontAction.do?accion=inicio&idEdictoSeleccionado=75602","https://www.uv.es/uvweb/registro-general/es/reglamentos-uv/pas/personal-administracion-servcios-1285894336188.html","2026-08-08"
"UV","pas","IUV 2/2024","Instrucción de la Gerencia de la Universitat de València sobre la flexibilización del régimen de teletrabajo durante el más de agosto de 2024.","Texto completo","https://www.uv.es/gerencia/IUV_2-2024.pdf","https://www.uv.es/uvweb/registro-general/es/reglamentos-uv/pas/personal-administracion-servcios-1285894336188.html","2026-08-08"
"UV","pas","IUV 2/2025","Instrucción de la Gerencia de la Universidad de Valencia sobre la flexibilización del Régimen de Teletrabajo durante el mes de Agosto (Referencia IUV 2/2025)","Texto completo","https://webges.uv.es/uvTaeWeb/MuestraInformacionEdictoPublicoFrontAction.do?idEdictoSeleccionado=82007","https://www.uv.es/uvweb/registro-general/es/reglamentos-uv/pas/personal-administracion-servcios-1285894336188.html","2026-08-08"
"UV","pas","IUV 2/2026","Instrucció de la Gerència de la Universitat de València sobre la flexibilització del Règim de Teletreball durant el mes d'agost de 2026.","Text complet","https://webges.uv.es/uvTaeWeb/MuestraInformacionEdictoPublicoFrontAction.do?idEdictoSeleccionado=103927","https://www.uv.es/uvweb/registro-general/es/reglamentos-uv/pas/personal-administracion-servcios-1285894336188.html","2026-08-08"
"UV","pas","IUV 3/2023","Instrucción de la Gerencia de la Universitat de València sobre interconexión y desvío de llamadas del personal de administración y servicios que desarrolle jornadas en régimen de teletrabajo.","IUV 3/2023","https://webges.uv.es/uvTaeWeb/VerTablonFrontAction.do?filtro=tipo&valor=45&filtrar&grupoNavegacion=0&servicioNavegacion=-1","https://www.uv.es/uvweb/registro-general/es/reglamentos-uv/pas/personal-administracion-servcios-1285894336188.html","2026-08-08"
"UV","pas","IUV 4/2023","Flexibilización del régimen de teletrabajo durante el mes de agosto de 2023 + info La instrucción modifica el reglamento de teletrabajo atendiendo las especiales circunstancias del periodo estival de atención reducida a los usuarios y usuarias y el cierre de edificios. -info","Text","https://webges.uv.es/uvTaeWeb/MuestraInformacionEdictoPublicoFrontAction.do?idEdictoSeleccionado=56017","https://www.uv.es/uvweb/registro-general/es/reglamentos-uv/pas/personal-administracion-servcios-1285894336188.html","2026-08-08"
"UV","pas","IUV 4/2025","Instrucción de la Gerència sobre las operaciones de cierre de la contabilidad del ejercicio 2025 (IUV 4/2025) + info Esta Instrucción regula las operaciones de cierre del ejercicio 2025 relativas a la contabilidad del presupuesto de gastos, ingresos y operaciones no presupuestarias de la UV. Con esta finalidad se fijan, entre otros, los plazos de los procesos contables. -info","IUV 4/2025","https://webges.uv.es/uvTaeWeb/MuestraInformacionEdictoPublicoFrontAction.do?accion=inicio&idEdictoSeleccionado=85371","https://www.uv.es/uvweb/registro-general/es/reglamentos-uv/pas/personal-administracion-servcios-1285894336188.html","2026-08-08"
"UV","pas","IUV 5/2025","Instrucción de la Gerencia de la Universitat de València respecto a las actividades excluidas de la orden ism/386/2024, 29 de abril, modificada por la orden ISM/812/2024, de 26 de julio sobre la suscripción de convenio especial con la tesorería general de la seguridad social (TGSS). + info El 1 de junio de 2024 entró en vigor la Orden ISM/386/2024 que establece que la universidad deberá expedir un certificado de prácticas, a solicitud de las personas interesadas que reúnan las condiciones descritas en el ámbito de aplicación de la orden mencionada, y que se extiende a las personas que hubieran realizado prácticas formativas o prácticas académicas externas como alumnado universitario, vinculadas en todo caso a la obtención de titulaciones oficiales o títulos propios de las universidades. - PRÁCTICAS REMUNERADAS (...) ; - PRÁCTICAS NO REMUNERADAS (...) ; - PRÁCTICAS ACADÉMICAS EXTERNAS RETRIBUIDAS (...) ; - BECAS REMUNERADAS (...) ; - PROGRAMAS DE FORMACIÓN DE NATURALEZA INVESTIGADORA (...). Por tanto, quedan EXCLUIDOS de la CERTIFICACIÓN, a los efectos de la suscripción del convenio especial regulado por la Orden ISM/386/2024 de 29 de abril, los siguientes supuestos: - Los trabajos de investigación o tesis doctorales realizados dentro de los estudios de doctorado - Los cursos de doctorado - Los trabajos fin de grado (TFG) - Los trabajos fin de máster (TFM) - Las becas de colaboración - Tesinas de licenciatura - Diploma de Estudios Avanzados (DEA) -info","IUV 5/2025","https://webges.uv.es/uvTaeWeb/MuestraInformacionEdictoPublicoFrontAction.do?accion=inicio&idEdictoSeleccionado=89868","https://www.uv.es/uvweb/registro-general/es/reglamentos-uv/pas/personal-administracion-servcios-1285894336188.html","2026-08-08"
"UV","pas","IUV 7/2024","Instrucción de la Gerencia de la UV sobre la aplicación del permiso parental del artículo 49.g del Estatuto Básico del Empleado Público.","Texto","https://webges.uv.es/uvTaeWeb/MuestraInformacionEdictoPublicoFrontAction.do?idEdictoSeleccionado=74281","https://www.uv.es/uvweb/registro-general/es/reglamentos-uv/pas/personal-administracion-servcios-1285894336188.html","2026-08-08"
"UV","pas","IUV 8/2024","Instrucción de la Gerencia de la Universitat de València sobre medidas de flexibilización y atención para hacer frente a las consecuencias de la DANA de octubre de 2024. + info Medidas excepcionales de flexibilidad para el estudiantado y el pesonal ante las graves consecuencias de la DANA. -info","IUV 8/2024","https://webges.uv.es/uvTaeWeb/MuestraInformacionEdictoPublicoFrontAction.do?accion=inicio&idEdictoSeleccionado=74328","https://www.uv.es/uvweb/registro-general/es/reglamentos-uv/pas/personal-administracion-servcios-1285894336188.html","2026-08-08"
"UV","pas","IUV 9/2024","Instrucción de la Gerencia de la Universitat de València sobre medidas por las inundaciones en la provincia de València","Texto completo","https://webges.uv.es/uvTaeWeb/MuestraInformacionEdictoPublicoFrontAction.do?accion=inicio&idEdictoSeleccionado=74545","https://www.uv.es/uvweb/registro-general/es/reglamentos-uv/pas/personal-administracion-servcios-1285894336188.html","2026-08-08"
"UV","pas","RCV 2023/11712","Convenio colectivo del personal laboral de las Universidades Públicas de la Comunitat Valenciana.","Texto completo","https://dogv.gva.es/datos/2023/11/30/pdf/2023_11712.pdf","https://www.uv.es/uvweb/registro-general/es/reglamentos-uv/pas/personal-administracion-servcios-1285894336188.html","2026-08-08"
"UV","pas","RD 145/2024","Real Decreto 145/2024, de 6 de febrero, por el que se fija el salario mínimo interprofesional para 2024.","Texto completo","https://www.boe.es/boe/dias/2024/02/07/pdfs/BOE-A-2024-2251.pdf","https://www.uv.es/uvweb/registro-general/es/reglamentos-uv/pas/personal-administracion-servcios-1285894336188.html","2026-08-08"
"UV","pas","RUV 30-06-2025","Resolución del Rectorado de la Universitat de València, por la que se declara inhábil el mes de agosto de 2025. + info Declarar inhábil el mes de agosto de 2025, a los efectos que a continuación se señalan: 1. Cómputo de plazos, tanto para la resolución de concursos de plazas docentes, convocadas per esta universidad, como para la de las reclamaciones y recursos en vía administrativa. 2. Cómputo de todos los procesos administrativos sujetos a plazos, convocados por esta universidad. En los dos casos descritos, los plazos se interrumpirán el día 1 de agosto de 2025 i su cómputo se retomará el 1 de septiembre del mismo año. -info","Texto","https://dogv.gva.es/es/resultat-dogv?signatura=2025/25561","https://www.uv.es/uvweb/registro-general/es/reglamentos-uv/pas/personal-administracion-servcios-1285894336188.html","2026-08-08"
"UV","pas","RUV_22-4-2022","Resolución del Vicerectorado de Sostenibilidad, Cooperación y Vida Saludable en relación con el uso de la mascarilla como medida de protección en las instalaciones de la Universitat de València","Texto de la resolución","https://www.uv.es/covid/resolucion-mascarillas.pdf","https://www.uv.es/uvweb/registro-general/es/reglamentos-uv/pas/personal-administracion-servcios-1285894336188.html","2026-08-08"
"UV","pdi","ACGUV 106/2024","Criteris de reducció de la docència per al curs acadèmic 2024-2025. (CG 23-IV-2024).","Text","https://www.uv.es/sgeneral/Reglamentacio/Doc/Professorat/2024_106_Criteris_reduccio_docencia_24-25.pdf","https://www.uv.es/uvweb/registro-general/es/reglamentos-uv/pdi/profesorado-1285894336036.html","2026-08-08"
"UV","pdi","ACGUV 114/2016","Reglament de Selecció de personal investigador doctor de caràcter indefinit. (CG 31-V-2016).","Text","http://www.uv.es/sgeneral/Reglamentacio/Doc/Investigacio/B28.pdf","https://www.uv.es/uvweb/registro-general/es/reglamentos-uv/pdi/profesorado-1285894336036.html","2026-08-08"
"UV","pdi","ACGUV 120/1999","Llicència retribuida per al personal de la Universitat de València per als casos d'adopció de menors a l'estranger. (J.G. 5-V-1999)","Text","http://www.uv.es/sgeneral/Reglamentacio/Doc/Pas/G4.pdf","https://www.uv.es/uvweb/registro-general/es/reglamentos-uv/pdi/profesorado-1285894336036.html","2026-08-08"
"UV","pdi","ACGUV 123/2021","Reglament per a la creació del Registre de Grups Consolidats d'Innovació Docent. (CG 1-VI-2021).","Text","https://webges.uv.es/uvTaeWeb/MuestraInformacionEdictoPublicoFrontAction.do?accion=inicio&idEdictoSeleccionado=30543","https://www.uv.es/uvweb/registro-general/es/reglamentos-uv/pdi/profesorado-1285894336036.html","2026-08-08"
"UV","pdi","ACGUV 127/2012","Procedimiento y criterios generales para la prórroga de los contratos del profesorado asociado a tiempo parcial. (CG 26-VI-2012)","Texto","http://www.uv.es/sgeneral/Reglamentacio/Doc/Professorat/A55.pdf","https://www.uv.es/uvweb/registro-general/es/reglamentos-uv/pdi/profesorado-1285894336036.html","2026-08-08"
"UV","pdi","ACGUV 128/2013","Protocolo de coordinación en materia de permisos, licencias, vacaciones y cambios de situación administrativa del personal con plaza vinculada y del profesorado asociado de ciencias de la salud. (CG 25-VI-2013)","Texto","http://www.uv.es/sgeneral/Reglamentacio/Doc/Professorat/A58.pdf","https://www.uv.es/uvweb/registro-general/es/reglamentos-uv/pdi/profesorado-1285894336036.html","2026-08-08"
"UV","pdi","ACGUV 129/2012","Plan de incremento de la docencia en valenciano. (CG 26-VI-2012. Modificado CG 22-XII-2016. Modificado CG 3-VI-2025).","Texto","https://www.uv.es/sgeneral/Reglamentacio/Doc/Professorat/2012_129_Pla%20d%27Increment%20de%20Docencia%20Valencia_2025.pdf","https://www.uv.es/uvweb/registro-general/es/reglamentos-uv/pdi/profesorado-1285894336036.html","2026-08-08"
"UV","pdi","ACGUV 131/2016","Reglament sobre assistència jurídica dels empleats públics al servei de la Universitat de València. (CG 31-V-2016).","Text","http://www.uv.es/sgeneral/Reglamentacio/Doc/Pas/G15.pdf","https://www.uv.es/uvweb/registro-general/es/reglamentos-uv/pdi/profesorado-1285894336036.html","2026-08-08"
"UV","pdi","ACGUV 132/2016","Acord per a l'aplicació, al personal de la Universitat de València, de l'adaptació progressiva a la jornada de treball ordinària, per a la seua reincorporació al servei efectiu, a la finalització de tractaments de radioteràpia i quimioteràpia. (CG 31-V-2016).","Text","http://www.uv.es/sgeneral/Reglamentacio/Doc/Pas/G16.pdf","https://www.uv.es/uvweb/registro-general/es/reglamentos-uv/pdi/profesorado-1285894336036.html","2026-08-08"
"UV","pdi","ACGUV 133/2025","Acord del Consell de Govern de la Universitat de València per a la promoció del plurilingüisme. (CG 3-VI-2025).","Text","https://webges.uv.es/uvTaeWeb/MuestraInformacionEdictoPublicoFrontAction.do?idEdictoSeleccionado=82281","https://www.uv.es/uvweb/registro-general/es/reglamentos-uv/pdi/profesorado-1285894336036.html","2026-08-08"
"UV","pdi","ACGUV 135/2023","Reglament de selecció i contractació de professorat substitut a la Universitat de València. (CG 8-VI-2023. Modificat CG 12-III-2024).","Text","https://webges.uv.es/uvTaeWeb/MuestraInformacionEdictoPublicoFrontAction.do?idEdictoSeleccionado=65960","https://www.uv.es/uvweb/registro-general/es/reglamentos-uv/pdi/profesorado-1285894336036.html","2026-08-08"
"UV","pdi","ACGUV 138/2019","Protocol d'atenció a la identitat i a l'expressió de gènere de la Universitat de València. (CG 20-VI-2019).","Text","http://www.uv.es/sgeneral/Reglamentacio/Doc/Pas/G19.pdf","https://www.uv.es/uvweb/registro-general/es/reglamentos-uv/pdi/profesorado-1285894336036.html","2026-08-08"
"UV","pdi","ACGUV 138/2019","Protocol d'atenció a la identitat i a l'expressió de gènere de la Universitat de València. (CG 20-VI-2019).","Publicació DOGV","http://www.uv.es/sgeneral/Reglamentacio/Doc/Pas/G19_DOGV.pdf","https://www.uv.es/uvweb/registro-general/es/reglamentos-uv/pdi/profesorado-1285894336036.html","2026-08-08"
"UV","pdi","ACGUV 156/2018","Tabla de equivalencias de acreditación de idiomas L2 de la Universitat de València. (CG 10-VII-2018. Modificado CG 23-VII-2021. Modificado CG 8-VI-2023. Modificado CG 2-VII-2024. Modificado CG 25-VI-2026).","Texto","https://www.uv.es/sgeneral/Reglamentacio/Doc/Pas/2018_156_Taula_equivalencies_L2_Modif%202026.pdf","https://www.uv.es/uvweb/registro-general/es/reglamentos-uv/pdi/profesorado-1285894336036.html","2026-08-08"
"UV","pdi","ACGUV 167/2014","Reglamento de usos lingüísticos de la Universitat de València. (CG 30-IX-2014. Modificado CG 8-VI-2023. Modificado CG 7-X-2025).","Texto","https://webges.uv.es/uvTaeWeb/MuestraInformacionEdictoPublicoFrontAction.do?idEdictoSeleccionado=87388","https://www.uv.es/uvweb/registro-general/es/reglamentos-uv/pdi/profesorado-1285894336036.html","2026-08-08"
"UV","pdi","ACGUV 18/2013","Acuerdo de Consejo de Gobierno 18/2013 sobre los complementos retributivos a la prestación económica de seguridad social por la situación de incapacidad temporal. (CG 5-II-2013)","Acuerdo de Consejo de Gobierno 18/2013 (PAS)","http://www.uv.es/~sgeneral/Reglamentacio/Doc/Pas/G11.pdf","https://www.uv.es/uvweb/registro-general/es/reglamentos-uv/pdi/profesorado-1285894336036.html","2026-08-08"
"UV","pdi","ACGUV 18/2013","Acuerdo de Consejo de Gobierno 18/2013 sobre los complementos retributivos a la prestación económica de seguridad social por la situación de incapacidad temporal. (CG 5-II-2013)","Acuerdo de Consejo de Gobierno 18/2013 (PDI)","http://www.uv.es/sgeneral/Reglamentacio/Doc/Professorat/A57.pdf","https://www.uv.es/uvweb/registro-general/es/reglamentos-uv/pdi/profesorado-1285894336036.html","2026-08-08"
"UV","pdi","ACGUV 190/1991","Criterios por cambio de dedicación a tiempo parcial. (JG 23-VII-1991. Modificado JG 19-XII-1991).","Texto","http://www.uv.es/sgeneral/Reglamentacio/Doc/Professorat/A11.pdf","https://www.uv.es/uvweb/registro-general/es/reglamentos-uv/pdi/profesorado-1285894336036.html","2026-08-08"
"UV","pdi","ACGUV 199/2022","Modificación de los criterios para la adscripción y convocatoria de plazas destinadas a la estabilización de personal investigador del programa Ramón y Cajal y otros programas de investigación de excelencia con el certificado I3.","Texto","https://www.uv.es/pdi/ESTABILIZACION-RAMON%20Y%20CAJAL/ACGUV%20199-2022.pdf","https://www.uv.es/uvweb/registro-general/es/reglamentos-uv/pdi/profesorado-1285894336036.html","2026-08-08"
"UV","pdi","ACGUV 200/2015","Reglament regulador dels procediments per al canvi d'àrea de coneixement i canvi de centre d'adscripció del personal docent i investigador de la Universitat de València (CG 29-IX-2015)","Text","http://www.uv.es/sgeneral/Reglamentacio/Doc/Professorat/A61.pdf","https://www.uv.es/uvweb/registro-general/es/reglamentos-uv/pdi/profesorado-1285894336036.html","2026-08-08"
"UV","pdi","ACGUV 205/2009","Plan de Prevención de Riesgos Laborales de la Universitat de València. (CG 1-XII-2009. Modificado CG 28-III-2017)","Texto","http://www.uv.es/sgeneral/Reglamentacio/Doc/Pas/G17_sp.pdf","https://www.uv.es/uvweb/registro-general/es/reglamentos-uv/pdi/profesorado-1285894336036.html","2026-08-08"
"UV","pdi","ACGUV 206/1999","Criterios para la creación de áreas propias. (JG 21-VII-1999)","Texto","http://www.uv.es/sgeneral/Reglamentacio/Doc/Professorat/A22.pdf","https://www.uv.es/uvweb/registro-general/es/reglamentos-uv/pdi/profesorado-1285894336036.html","2026-08-08"
"UV","pdi","ACGUV 21/2003","Reglamento de permisos, licencias, vacaciones y situaciones administrativas del PDI de la UVEG. (CG 4-III-2003) + info Modificado 24-VI-2003. Modificados los artículos 2, 4.1 i 5 en el CG 19-XII-2003. Modificados los artículos 5 i 9 en el CG 30-I-2007. Modificado el artículo 2.3. Se añade la disposición adicional sexta y séptima en el CG 29-IV-2008. Modificado CG 17-II-2009 el artículo 8.2.b) y el artículo 10 apartado 2. Modificado el capítulo II en Consejo de Gobierno de 21-XII-2010. Modificado CG 29-XI-2011. Modificado CG 29-XI-2016. Modificado CG 31-X-2017. Modificado CG 17-XII-2019. Modificado CG 13-XII-2021). -info","Texto","https://webges.uv.es/uvTaeWeb/MuestraInformacionEdictoPublicoFrontAction.do?accion=inicio&idEdictoSeleccionado=36263","https://www.uv.es/uvweb/registro-general/es/reglamentos-uv/pdi/profesorado-1285894336036.html","2026-08-08"
"UV","pdi","ACGUV 21/2024","Reglament de selecció del personal docent i investigador de la Universitat de València. (CG 20-II-2024. Modificat CG 28-V-2024. Modificat CG 10-II-2025. Modificat CG 3-VI-2025. Modificat CG 16-XII-2025).","Text","https://webges.uv.es/uvTaeWeb/MuestraInformacionEdictoPublicoFrontAction.do?idEdictoSeleccionado=91591","https://www.uv.es/uvweb/registro-general/es/reglamentos-uv/pdi/profesorado-1285894336036.html","2026-08-08"
"UV","pdi","ACGUV 229/2019","Manual per a l'avaluació de l'activitat docent del Professorat de la Universitat de València (Programa Docentia). (CG 17-XII-2019).","Text","http://www.uv.es/sgeneral/Reglamentacio/Doc/Professorat/A76.pdf","https://www.uv.es/uvweb/registro-general/es/reglamentos-uv/pdi/profesorado-1285894336036.html","2026-08-08"
"UV","pdi","ACGUV 230/2019","Reglament del procediment d'avaluació de l'activitat docent del professorat de la Universitat de València. (CG 17-XII-2019).","Text","https://webges.uv.es/uvTaeWeb/MuestraInformacionEdictoPublicoFrontAction.do?accion=inicio&idEdictoSeleccionado=21540","https://www.uv.es/uvweb/registro-general/es/reglamentos-uv/pdi/profesorado-1285894336036.html","2026-08-08"
"UV","pdi","ACGUV 247/2009","Reglamento para la estabilización de los profesores asociados a tiempo parcial. (CG 22-XII-2009. Modificado CG 1-II-2011. Modificado CG 2-IV-2019. Modificado 7-III-2023)","Texto","https://webges.uv.es/uvTaeWeb/MuestraInformacionEdictoPublicoFrontAction.do?idEdictoSeleccionado=51703","https://www.uv.es/uvweb/registro-general/es/reglamentos-uv/pdi/profesorado-1285894336036.html","2026-08-08"
"UV","pdi","ACGUV 251/2025","Criteris per a l'elaboració de l'oferta dels ensenyaments oficials de grau i de màster per al curs acadèmic 2026-2027.(CG 7-X-2025).","Text","https://www.uv.es/sgeneral/Reglamentacio/Doc/Professorat/2025_251_Criteris_OCA_2026-27.pdf","https://www.uv.es/uvweb/registro-general/es/reglamentos-uv/pdi/profesorado-1285894336036.html","2026-08-08"
"UV","pdi","ACGUV 251/2025","Criteris per a l'elaboració de l'oferta dels ensenyaments oficials del Grau i de Màster per al curs acadèmic 2026-2027.","Text","https://www.uv.es/sgeneral/Reglamentacio/Doc/Professorat/2025_251_Criteris_OCA_2026-27.pdf","https://www.uv.es/uvweb/registro-general/es/reglamentos-uv/pdi/profesorado-1285894336036.html","2026-08-08"
"UV","pdi","ACGUV 28/2016","Protocol d'actuació davant factors de risc psicosocial en l'àmbit de la Universitat de València. (CG 9-III-2016)","Text","http://www.uv.es/sgeneral/Reglamentacio/Doc/Pas/G14.pdf","https://www.uv.es/uvweb/registro-general/es/reglamentos-uv/pdi/profesorado-1285894336036.html","2026-08-08"
"UV","pdi","ACGUV 285/2016","Reglament regulador del procediment selectiu de professorat contractat doctor amb caràcter interí. (CG 29-XI-2016).","Text","https://webges.uv.es/uvTaeWeb/MuestraInformacionEdictoPublicoFrontAction.do?idEdictoSeleccionado=4014","https://www.uv.es/uvweb/registro-general/es/reglamentos-uv/pdi/profesorado-1285894336036.html","2026-08-08"
"UV","pdi","ACGUV 298/1993","Normativa para la tramitación de la venia docendi en la Universitat de València. (JG 26-VII-1993)","Texto","http://www.uv.es/sgeneral/Reglamentacio/Doc/Professorat/A16.pdf","https://www.uv.es/uvweb/registro-general/es/reglamentos-uv/pdi/profesorado-1285894336036.html","2026-08-08"
"UV","pdi","ACGUV 314/2024","Criterios para la elaboración de la oferta de las enseñanzas oficiales del Grado y de Máster para el curso académico 2025-2026.","Texto","https://www.uv.es/sgeneral/Reglamentacio/Doc/Professorat/2024_314_Criteris_OCA_2025-26.pdf","https://www.uv.es/uvweb/registro-general/es/reglamentos-uv/pdi/profesorado-1285894336036.html","2026-08-08"
"UV","pdi","ACGUV 314/2024","Criteris per a l'elaboració de l'oferta dels ensenyaments oficials del Grau i de Màster per al curs acadèmic 2025-2026.","Text","https://www.uv.es/sgeneral/Reglamentacio/Doc/Professorat/2024_314_Criteris_OCA_2025-26.pdf","https://www.uv.es/uvweb/registro-general/es/reglamentos-uv/pdi/profesorado-1285894336036.html","2026-08-08"
"UV","pdi","ACGUV 36/2026","Criterios para el desarrollo de la carrera docente del personal docente e investigador de la Universitat de València para el curso 2026-2027. (CG 11-III-2026).","Texto","https://www.uv.es/pdi/privuni/PROM%2026-27/Criteris%20Desenvolupament%20Carrera%20Docent.pdf","https://www.uv.es/uvweb/registro-general/es/reglamentos-uv/pdi/profesorado-1285894336036.html","2026-08-08"
"UV","pdi","ACGUV 4/2026","Reglament de dedicació docent del personal docent i investigador a temps complet de la Universitat de València. (CG 10-II-2026).","Text","https://webges.uv.es/uvTaeWeb/MuestraInformacionEdictoPublicoFrontAction.do?idEdictoSeleccionado=94719","https://www.uv.es/uvweb/registro-general/es/reglamentos-uv/pdi/profesorado-1285894336036.html","2026-08-08"
"UV","pdi","ACGUV 4/2026","Reglamento de dedicación docente del personal docente e investigador a tiempo completo de la Universitat de València. (CG 10-II-2026).","Texto","https://webges.uv.es/uvTaeWeb/MuestraInformacionEdictoPublicoFrontAction.do?idEdictoSeleccionado=94719","https://www.uv.es/uvweb/registro-general/es/reglamentos-uv/pdi/profesorado-1285894336036.html","2026-08-08"
"UV","pdi","ACGUV 40/2013","Reglamento de medidas para la integración del personal docente e investigador con discapacidad en la Universitat de València (Estudi General). (CG 28-III-2013. Modificado 31-III-2014)","Texto","http://www.uv.es/sgeneral/Reglamentacio/Doc/Professorat/A46.pdf","https://www.uv.es/uvweb/registro-general/es/reglamentos-uv/pdi/profesorado-1285894336036.html","2026-08-08"
"UV","pdi","ACGUV 41/2025","Criteris per al desenvolupament de la carrera docent del personal docent i investigador de la Universitat de València per al curs 2025-2026. (CG 11-III-25).","Text","https://www.uv.es/sgeneral/Reglamentacio/Doc/Professorat/2025_41_CriterisDesenvolupamentCarrera_25-26.pdf","https://www.uv.es/uvweb/registro-general/es/reglamentos-uv/pdi/profesorado-1285894336036.html","2026-08-08"
"UV","pdi","ACGUV 43/2005","Reglamento de la oferta del curso académico de la Universidad de Valencia. (CG 2-III-2005)","Texto","http://www.uv.es/sgeneral/Reglamentacio/Doc/Professorat/A34.pdf","https://www.uv.es/uvweb/registro-general/es/reglamentos-uv/pdi/profesorado-1285894336036.html","2026-08-08"
"UV","pdi","ACGUV 44/2010","Reglamento para el reconocimiento de complementos salariales al profesorado contratado doctor, colaborador y ayudante doctor de la Universitat de València por méritos docentes e investigadores. (CG 16-II-2010)","Texto","http://www.uv.es/sgeneral/Reglamentacio/Doc/Professorat/A49.pdf","https://www.uv.es/uvweb/registro-general/es/reglamentos-uv/pdi/profesorado-1285894336036.html","2026-08-08"
"UV","pdi","ACGUV 45/2023","Reglament del professorat emèrit de la Universitat de València. (CG 7-III-2023).","Text","https://webges.uv.es/uvTaeWeb/MuestraInformacionEdictoPublicoFrontAction.do?idEdictoSeleccionado=51594","https://www.uv.es/uvweb/registro-general/es/reglamentos-uv/pdi/profesorado-1285894336036.html","2026-08-08"
"UV","pdi","ACGUV 45/2023","Reglamento del profesorado emérito de la Universitat de València.","ACGUV 45/2023 (Texto consolidado)","https://webges.uv.es/uvTaeWeb/MuestraInformacionEdictoPublicoFrontAction.do?idEdictoSeleccionado=51594","https://www.uv.es/uvweb/registro-general/es/reglamentos-uv/pdi/profesorado-1285894336036.html","2026-08-08"
"UV","pdi","ACGUV 54/2004","Acord pres per la mesa negociadora en febrer de 2004 sobre condicions de treball. (Ratificat C.G.30-III-2004). (Derogat l'apartat 5 i la totalitat de l'annex I. CG 21/XII/2012). (Modificat CG 26-IV-2016). (Derogat de l’Annex II:els criteris generals, punt I, Punt II apartat a), Punt III apartats 1.a.b;1.a.c i 1.a.d. Tot l’Annex III (ACGUV 11/2021).","Text","http://www.uv.es/sgeneral/Reglamentacio/Doc/Pas/G5.pdf","https://www.uv.es/uvweb/registro-general/es/reglamentos-uv/pdi/profesorado-1285894336036.html","2026-08-08"
"UV","pdi","ACGUV 54/2011","Documento de plantilla del personal docente e investigador. (CG 1-III-2011. Modificado CG 22-VI-2012).","Certificación de la modificación","http://www.uv.es/normatives/pdi/Modificacio_ACGUV_124_2012.pdf","https://www.uv.es/uvweb/registro-general/es/reglamentos-uv/pdi/profesorado-1285894336036.html","2026-08-08"
"UV","pdi","ACGUV 54/2011","Documento de plantilla del personal docente e investigador. (CG 1-III-2011. Modificado CG 22-VI-2012).","Documento de plantilla del personal docente e investigador","http://www.uv.es/sgeneral/Reglamentacio/Doc/Professorat/A21.pdf","https://www.uv.es/uvweb/registro-general/es/reglamentos-uv/pdi/profesorado-1285894336036.html","2026-08-08"
"UV","pdi","ACGUV 58/2019","Reglament de professorat honorari de la Universitat de València. (CG 2-IV-2019).","Text","https://webges.uv.es/uvTaeWeb/MuestraInformacionEdictoPublicoFrontAction.do?idEdictoSeleccionado=16010","https://www.uv.es/uvweb/registro-general/es/reglamentos-uv/pdi/profesorado-1285894336036.html","2026-08-08"
"UV","pdi","ACGUV 62/2020","Criterios académicos de adaptación del formato presencial al formato no presencial de la docencia y la evaluación en la Universitat de València como consecuencia de la COVID-19. (CG 28-IV-2020).","Text","http://www.uv.es/sgeneral/Reglamentacio/Doc/Estudis/C82sp.pdf","https://www.uv.es/uvweb/registro-general/es/reglamentos-uv/pdi/profesorado-1285894336036.html","2026-08-08"
"UV","pdi","ACGUV 72/2015","Criterios de ordenacion de la tutorizacion de trabajos de fin de grado, trabajos de fin de master y practicas externas. (CG 28-IV-2015)","Texto","http://www.uv.es/sgeneral/Reglamentacio/Doc/Professorat/A60.pdf","https://www.uv.es/uvweb/registro-general/es/reglamentos-uv/pdi/profesorado-1285894336036.html","2026-08-08"
"UV","pdi","ACGUV 76/2024","Criteris per al desenvolupament de la carrera docent del personal docent i investigador de la Universitat de València per al curs 2024-2025. (CG 12-III-2024).","Text","https://www.uv.es/sgeneral/Reglamentacio/Doc/Professorat/2024_76_CriterisDesenvolupamentCarrera_24-25.pdf","https://www.uv.es/uvweb/registro-general/es/reglamentos-uv/pdi/profesorado-1285894336036.html","2026-08-08"
"UV","pdi","ACGUV 79/2025","Criteris de reducció de la docència per al curs acadèmic 2025-2026. (CG 15-IV-2025).","Text","https://www.uv.es/sgeneral/Reglamentacio/Doc/Professorat/2025_79_Criteris%20reduccio%20de%20docencia%202025-26.pdf","https://www.uv.es/uvweb/registro-general/es/reglamentos-uv/pdi/profesorado-1285894336036.html","2026-08-08"
"UV","pdi","ACGUV 8/2025","Calendari acadèmic de la Universitat de València per al curs 2025-2026. (CG 10-II-2025).","Text","https://www.uv.es/sgeneral/Reglamentacio/Doc/Professorat/2025_8_Calendari_Academic_2025_2026.pdf","https://www.uv.es/uvweb/registro-general/es/reglamentos-uv/pdi/profesorado-1285894336036.html","2026-08-08"
"UV","pdi","ACGUV 8/2026","Calendari acadèmic de la Universitat de València per al curs 2026-2027. (CG 10-II-2026).","Text","https://disco.uv.es/disco/sgeneral/disco/REGLAMENTACIO/REGLAMENTACIO/NORMATIVAS/NORMATIVAS%20PROFESSORAT/2026_8_Calendari_Academic_2026_2027.pdf","https://www.uv.es/uvweb/registro-general/es/reglamentos-uv/pdi/profesorado-1285894336036.html","2026-08-08"
"UV","pdi","ACGUV 86/2019","Reglament de càrrecs acadèmics i de responsables de gestió acadèmica de la Universitat de València. (CG 16-IV-2019. Modificat CG 19-XII-2023). - Acord del Consell Social de la Universitat de València per establir la llista de càrrecs acadèmics i responsables de gestió acadèmica de la Universitat de València que poden donar dret a l'obtenció de punts als efectes de percepció del component retributiu per mèrits de dedicació a la gestió universitària, segons proposta del Consell de Govern continguda en el ""Reglament de càrrecs acadèmics i de responsables de gestió acadèmica de la Universitat de València. (ACSUV 2019/323. 26-IX-2019)","Text","https://webges.uv.es/uvTaeWeb/MuestraInformacionEdictoPublicoFrontAction.do?idEdictoSeleccionado=62886","https://www.uv.es/uvweb/registro-general/es/reglamentos-uv/pdi/profesorado-1285894336036.html","2026-08-08"
"UV","pdi","ACGUV 86/2019","Reglament de càrrecs acadèmics i de responsables de gestió acadèmica de la Universitat de València. (CG 16-IV-2019. Modificat CG 19-XII-2023). - Acord del Consell Social de la Universitat de València per establir la llista de càrrecs acadèmics i responsables de gestió acadèmica de la Universitat de València que poden donar dret a l'obtenció de punts als efectes de percepció del component retributiu per mèrits de dedicació a la gestió universitària, segons proposta del Consell de Govern continguda en el ""Reglament de càrrecs acadèmics i de responsables de gestió acadèmica de la Universitat de València. (ACSUV 2019/323. 26-IX-2019)","Acord Consell Social","https://www.uv.es/sgeneral/Reglamentacio/Doc/Professorat/ACSUV%202019%20323.pdf","https://www.uv.es/uvweb/registro-general/es/reglamentos-uv/pdi/profesorado-1285894336036.html","2026-08-08"
"UV","pdi","ACSUV 350/2002","Acuerdo para la asignación de puntos para el desarrollo de cargos académicos propios de la Universitat de València a los efectos del artículo 25 del Decreto 174/2002 del Gobierno Valenciano (ACSUV 2002/350, 23-X-2002)","Texto","http://www.uv.es/sgeneral/Reglamentacio/Doc/Professorat/A27.pdf","https://www.uv.es/uvweb/registro-general/es/reglamentos-uv/pdi/profesorado-1285894336036.html","2026-08-08"
"UV","pdi","CIUV 2/2024","Circular de la Gerència sobre la adquisición de equipamiento informático en el contexto de las inundaciones en la provincia de València (CIUV 2/2024).","Texto completo","https://webges.uv.es/uvTaeWeb/MuestraInformacionEdictoPublicoFrontAction.do?accion=inicio&idEdictoSeleccionado=74625","https://www.uv.es/uvweb/registro-general/es/reglamentos-uv/pdi/profesorado-1285894336036.html","2026-08-08"
"UV","pdi","IUV 1/2023","Instrucción de la Gerencia de la Universitat de València sobre partes médicos de incapacidad temporal y prestaciones por nacimiento y cuidado de menor. + info Esta instrucción fija las normas para la gestión de los partes médicos de Incapacidad Temporal (IT) y las prestaciones por nacimiento y cuiddo de menor (NICM) del personal de la UV adscrito al Régimen General de la Seguridad Social, con excepción del PDI funcionario de carrera que estuviera adscrito a este régimen. -info","IUV 1/2023","https://webges.uv.es/uvTaeWeb/MuestraInformacionEdictoPublicoFrontAction.do?idEdictoSeleccionado=52161","https://www.uv.es/uvweb/registro-general/es/reglamentos-uv/pdi/profesorado-1285894336036.html","2026-08-08"
"UV","pdi","IUV 1/2025","Instrucció conjunta 1/2025 del Vicerectorat d'Ordenació Acadèmica i Professorat i del Vicerectorat d'Investigació relativa a la contractació com a professorat substitut del personal d'investigació","Text","https://webges.uv.es/uvTaeWeb/MuestraInformacionEdictoPublicoFrontAction.do?idEdictoSeleccionado=84799","https://www.uv.es/uvweb/registro-general/es/reglamentos-uv/pdi/profesorado-1285894336036.html","2026-08-08"
"UV","pdi","IUV 10/2024","Instrucción por la que se prorroga la Instrucción sobre medidas por las inundaciones en la provincia de València (10/2024)","Text complet","https://webges.uv.es/uvTaeWeb/MuestraInformacionEdictoPublicoFrontAction.do?accion=inicio&idEdictoSeleccionado=75602","https://www.uv.es/uvweb/registro-general/es/reglamentos-uv/pdi/profesorado-1285894336036.html","2026-08-08"
"UV","pdi","IUV 1402/2014","Instruccions sobre matriculació del professorat en titulacions impartides en el mateix centre en què està adscrit","Instruccions sobre autoritzacions de matrícula","http://www.uv.es/normatives/pdi/Instruccions_Autoritzacions_Matricula.pdf","https://www.uv.es/uvweb/registro-general/es/reglamentos-uv/pdi/profesorado-1285894336036.html","2026-08-08"
"UV","pdi","IUV 4/2025","Instrucción de la Gerència sobre las operaciones de cierre de la contabilidad del ejercicio 2025 (IUV 4/2025) + info Esta Instrucción regula las operaciones de cierre del ejercicio 2025 relativas a la contabilidad del presupuesto de gastos, ingresos y operaciones no presupuestarias de la UV. Con esta finalidad se fijan, entre otros, los plazos de los procesos contables. -info","IUV 4/2025","https://webges.uv.es/uvTaeWeb/MuestraInformacionEdictoPublicoFrontAction.do?accion=inicio&idEdictoSeleccionado=85371","https://www.uv.es/uvweb/registro-general/es/reglamentos-uv/pdi/profesorado-1285894336036.html","2026-08-08"
"UV","pdi","IUV 5/2025","Instrucción de la Gerencia de la Universitat de València respecto a las actividades excluidas de la orden ism/386/2024, 29 de abril, modificada por la orden ISM/812/2024, de 26 de julio sobre la suscripción de convenio especial con la tesorería general de la seguridad social (TGSS). + info El 1 de junio de 2024 entró en vigor la Orden ISM/386/2024 que establece que la universidad deberá expedir un certificado de prácticas, a solicitud de las personas interesadas que reúnan las condiciones descritas en el ámbito de aplicación de la orden mencionada, y que se extiende a las personas que hubieran realizado prácticas formativas o prácticas académicas externas como alumnado universitario, vinculadas en todo caso a la obtención de titulaciones oficiales o títulos propios de las universidades. - PRÁCTICAS REMUNERADAS (...) ; - PRÁCTICAS NO REMUNERADAS (...) ; - PRÁCTICAS ACADÉMICAS EXTERNAS RETRIBUIDAS (...) ; - BECAS REMUNERADAS (...) ; - PROGRAMAS DE FORMACIÓN DE NATURALEZA INVESTIGADORA (...). Por tanto, quedan EXCLUIDOS de la CERTIFICACIÓN, a los efectos de la suscripción del convenio especial regulado por la Orden ISM/386/2024 de 29 de abril, los siguientes supuestos: - Los trabajos de investigación o tesis doctorales realizados dentro de los estudios de doctorado - Los cursos de doctorado - Los trabajos fin de grado (TFG) - Los trabajos fin de máster (TFM) - Las becas de colaboración - Tesinas de licenciatura - Diploma de Estudios Avanzados (DEA) -info","IUV 5/2025","https://webges.uv.es/uvTaeWeb/MuestraInformacionEdictoPublicoFrontAction.do?accion=inicio&idEdictoSeleccionado=89868","https://www.uv.es/uvweb/registro-general/es/reglamentos-uv/pdi/profesorado-1285894336036.html","2026-08-08"
"UV","pdi","IUV 6/2024","Instrucción de la Gerència relativa a la contratación indefinida de personal investigador y de apoyo a la investigación en el marco de líneas de investigación","Texto completo","https://webges.uv.es/uvTaeWeb/MuestraInformacionEdictoPublicoFrontAction.do?accion=inicio&idEdictoSeleccionado=73979","https://www.uv.es/uvweb/registro-general/es/reglamentos-uv/pdi/profesorado-1285894336036.html","2026-08-08"
"UV","pdi","IUV 7/2024","Instrucción de la Gerencia de la UV sobre la aplicación del permiso parental del artículo 49.g del Estatuto Básico del Empleado Público.","Texto","https://webges.uv.es/uvTaeWeb/MuestraInformacionEdictoPublicoFrontAction.do?idEdictoSeleccionado=74281","https://www.uv.es/uvweb/registro-general/es/reglamentos-uv/pdi/profesorado-1285894336036.html","2026-08-08"
"UV","pdi","IUV 8/2024","Instrucción de la Gerencia de la Universitat de València sobre medidas de flexibilización y atención para hacer frente a las consecuencias de la DANA de octubre de 2024. + info Medidas excepcionales de flexibilidad para el estudiantado y el pesonal ante las graves consecuencias de la DANA. -info","IUV 8/2024","https://webges.uv.es/uvTaeWeb/MuestraInformacionEdictoPublicoFrontAction.do?accion=inicio&idEdictoSeleccionado=74328","https://www.uv.es/uvweb/registro-general/es/reglamentos-uv/pdi/profesorado-1285894336036.html","2026-08-08"
"UV","pdi","IUV 9/2024","Instrucción de la Gerencia de la Universitat de València sobre medidas por las inundaciones en la provincia de València","Texto completo","https://webges.uv.es/uvTaeWeb/MuestraInformacionEdictoPublicoFrontAction.do?accion=inicio&idEdictoSeleccionado=74545","https://www.uv.es/uvweb/registro-general/es/reglamentos-uv/pdi/profesorado-1285894336036.html","2026-08-08"
"UV","pdi","IVr Ordenación Académica 1/2022","Instrucción del Vicerrectorado de Ordenación Académica y Profesorado en lo referente al cese de los cargos académicos y responsables de gestión académica en caso de licencia.","Text complet","https://www.uv.es/normatives/Instruccions/Instruccio_vicerectorat_Ordenacio_Academica_Professorat_Cessament_Carrecs.pdf","https://www.uv.es/uvweb/registro-general/es/reglamentos-uv/pdi/profesorado-1285894336036.html","2026-08-08"
"UV","pdi","RCV 2023/11712","Convenio colectivo del personal laboral de las Universidades Públicas de la Comunitat Valenciana.","Texto completo","https://dogv.gva.es/datos/2023/11/30/pdf/2023_11712.pdf","https://www.uv.es/uvweb/registro-general/es/reglamentos-uv/pdi/profesorado-1285894336036.html","2026-08-08"
"UV","pdi","RD 678/2023","Real Decreto 678/2023, de 18 de julio, por el que se regula la acreditación estatal para el acceso a los cuerpos docentes universitarios y el régimen de los concursos de acceso a plazas de dichos cuerpos.","Texto consolidado","https://www.boe.es/buscar/pdf/2023/BOE-A-2023-19027-consolidado.pdf","https://www.uv.es/uvweb/registro-general/es/reglamentos-uv/pdi/profesorado-1285894336036.html","2026-08-08"
"UV","pdi","RUV_22-4-2022","Resolución del Vicerectorado de Sostenibilidad, Cooperación y Vida Saludable en relación con el uso de la mascarilla como medida de protección en las instalaciones de la Universitat de València","Texto de la resolución","https://www.uv.es/covid/resolucion-mascarillas.pdf","https://www.uv.es/uvweb/registro-general/es/reglamentos-uv/pdi/profesorado-1285894336036.html","2026-08-08"
"UV","reg-regimen-int-","ACGUV 100/2005","Reglament de Règim Intern de la Facultat de Ciències Socials. + info (Aprovat CG 14-VI-2005. Modificat CG 30-IX-2008. Modificat CG 22-XII-2009. Modificat CG 27-IX-2011. Modificat CG 19-XII-2017). -info","Text","https://webges.uv.es/uvTaeWeb/MuestraInformacionEdictoPublicoFrontAction.do?accion=inicio&idEdictoSeleccionado=8956","https://www.uv.es/uvweb/registro-general/es/reglamentos-uv/reg-regimen-int-/centros-1285894352680.html","2026-08-08"
"UV","reg-regimen-int-","ACGUV 101/2005","Reglament de Règim Intern de la Facultat de Filosofia i Ciències de l´Educació. + info (Aprovat CG 14-VI-2005. Modificat CG 30-IX-2008. Modificat CG 22-XII-2009. Modificat CG 27-IX-2011. Modificat CG 3-II-2015). -info","Text","http://www.uv.es/sgeneral/Reglamentacio/Doc/Regl_Reg_Intern_Centres/K13.pdf","https://www.uv.es/uvweb/registro-general/es/reglamentos-uv/reg-regimen-int-/centros-1285894352680.html","2026-08-08"
"UV","reg-regimen-int-","ACGUV 103/2005","Reglament de Règim Intern del Departament de Dret Financer i Història del Dret. + info (Aprovat CG 14-VI-2005. Modificat CG 22-XII-2009). Text actualitzat conforme al Reglament marc de règim intern de departaments modificat en Consell de Govern el 30 de setembre de 2014 (ACGUV 169/2014). Comunicat al Consell de Govern de 18 de febrer de 2019. -info","Text","https://webges.uv.es/uvTaeWeb/MuestraInformacionEdictoPublicoFrontAction.do?idEdictoSeleccionado=15422","https://www.uv.es/uvweb/registro-general/es/reglamentos-uv/reg-regimen-int-/departamentos-1285894352725.html","2026-08-08"
"UV","reg-regimen-int-","ACGUV 104/2005","Reglament de Règim Intern del Departament de Dret del Treball i de la Seguretat Social. + info (Aprovat CG 14-VI-2005. Modificat CG 22-XII-2009. Modificat CG 2-IV-2019. Text actualitzat conforme al Reglament marc de règim intern de departaments modificat en Consell de Govern el 30 de setembre de 2014 (ACGUV 169/2014). Comunicat al Consell de Govern de 2 d'abril de 2019.). -info","Text","https://webges.uv.es/uvTaeWeb/MuestraInformacionEdictoPublicoFrontAction.do?idEdictoSeleccionado=15881","https://www.uv.es/uvweb/registro-general/es/reglamentos-uv/reg-regimen-int-/departamentos-1285894352725.html","2026-08-08"
"UV","reg-regimen-int-","ACGUV 107/2005","Reglament de Règim Intern del Departament d´Estadística i Investigació Operativa. + info (Aprovat CG 14-VI-2005. Modificat CG 22-XII-2009). (Text actualitzat conforme al Reglament marc de règim intern de departaments modificat en Consell de Govern el 30 de setembre de 2014 (ACGUV 169/2014). Comunicat al Consell de Govern de 21 de maig de 2019). -info","Text","https://webges.uv.es/uvTaeWeb/MuestraInformacionEdictoPublicoFrontAction.do?idEdictoSeleccionado=16575","https://www.uv.es/uvweb/registro-general/es/reglamentos-uv/reg-regimen-int-/departamentos-1285894352725.html","2026-08-08"
"UV","reg-regimen-int-","ACGUV 109/2005","Reglament de Règim Intern del Departament de Finances Empresarials. + info (Aprovat CG 14-VI-2005. Modificat CG 22-XII-2009. Text actualitzat conforme al Reglament marc de règim intern de departaments modificat en Consell de Govern el 30 de setembre de 2014 (ACGUV 169/2014). Comunicat al Consell de Govern de 2 d’abril de 2019.). -info","Text","https://webges.uv.es/uvTaeWeb/MuestraInformacionEdictoPublicoFrontAction.do?idEdictoSeleccionado=15882","https://www.uv.es/uvweb/registro-general/es/reglamentos-uv/reg-regimen-int-/departamentos-1285894352725.html","2026-08-08"
"UV","reg-regimen-int-","ACGUV 116/2006","Reglament de Règim Intern del Departament de Fisiologia. + info (Aprovat CG 6-VI-2006. Modificat CG 22-XII-2009. Modificat CG 23-VII-2019). Text actualitzat conforme al Reglament marc de règim intern de departaments modificat en Consell de Govern el 30 de setembre de 2014 (ACGUV 169/2014). Comunicat al Consell de Govern de 23 de juliol de 2019. -info","Text","https://webges.uv.es/uvTaeWeb/MuestraInformacionEdictoPublicoFrontAction.do?idEdictoSeleccionado=18430","https://www.uv.es/uvweb/registro-general/es/reglamentos-uv/reg-regimen-int-/departamentos-1285894352725.html","2026-08-08"
"UV","reg-regimen-int-","ACGUV 117/2016","Reglament de règim intern del Departament d'Història Moderna i Contemporània. + info Aprovat CG 31-V-2016 -info","Text","http://www.uv.es/sgeneral/Reglamentacio/Doc/Regl_Reg_Intern_Depart/Hist_Modern_Cont.pdf","https://www.uv.es/uvweb/registro-general/es/reglamentos-uv/reg-regimen-int-/departamentos-1285894352725.html","2026-08-08"
"UV","reg-regimen-int-","ACGUV 130/2006","Reglament de Règim Intern del Departament de Física Atòmica, Molecular i Nuclear. + info (Aprovat CG 27-VI-2006. Modificat CG 22-XII-2009. Text actualitzat conforme al Reglament marc de règim intern de departaments modificat en Consell de Govern el 30 de setembre de 2014 (ACGUV 169/2014). Comunicat al Consell de Govern de 2 d’abril de 2019.). -info","Text","https://webges.uv.es/uvTaeWeb/MuestraInformacionEdictoPublicoFrontAction.do?idEdictoSeleccionado=15903","https://www.uv.es/uvweb/registro-general/es/reglamentos-uv/reg-regimen-int-/departamentos-1285894352725.html","2026-08-08"
"UV","reg-regimen-int-","ACGUV 131/2006","Reglament de Règim Intern del Departament de Mètodes d'Investigació i Diagnòstic en Educació. + info (Aprovat CG 27-VI-2006. Modificat CG 22-XII-2009). Text actualitzat conforme al Reglament marc de règim intern de departaments modificat en Consell de Govern el 30 de setembre de 2014 (ACGUV 169/2014). Comunicat al Consell de Govern de 20 de juny de 2019. -info","Text","https://webges.uv.es/uvTaeWeb/MuestraInformacionEdictoPublicoFrontAction.do?idEdictoSeleccionado=17274","https://www.uv.es/uvweb/registro-general/es/reglamentos-uv/reg-regimen-int-/departamentos-1285894352725.html","2026-08-08"
"UV","reg-regimen-int-","ACGUV 132/2006","Reglament de Règim Intern del Departament de Filologia Espanyola. + info (Aprovat CG 27-VI-2006. Modificat CG 22-XII-2009). Text actualitzat conforme al Reglament marc de règim intern de departaments modificat en Consell de Govern el 30 de setembre de 2014 (ACGUV 169/2014). Comunicat al Consell de Govern de 18 de desembre de 2018. -info","Text","https://webges.uv.es/uvTaeWeb/MuestraInformacionEdictoPublicoFrontAction.do?idEdictoSeleccionado=14575","https://www.uv.es/uvweb/registro-general/es/reglamentos-uv/reg-regimen-int-/departamentos-1285894352725.html","2026-08-08"
"UV","reg-regimen-int-","ACGUV 165/2006","Reglament de Règim Intern del Departament de Microbiologia i Ecologia. + info (Aprovat CG 27-VII-2006. Modificat CG 22-XII-2009). (Text actualitzat conforme al Reglament marc de règim intern de departaments modificat en Consell de Govern el 30 de setembre de 2014 (ACGUV 169/2014). Comunicat al Consell de Govern de 21 de maig de 2019). -info","Text","https://webges.uv.es/uvTaeWeb/MuestraInformacionEdictoPublicoFrontAction.do?idEdictoSeleccionado=16587","https://www.uv.es/uvweb/registro-general/es/reglamentos-uv/reg-regimen-int-/departamentos-1285894352725.html","2026-08-08"
"UV","reg-regimen-int-","ACGUV 166/2005","Reglament de Règim Intern de la Facultat de de Ciències de l´Activitat Física i l´Esport. + info (Aprovat CG 18-VII-2005. Modificat CG 30-IX-2008. Modificat CG 22-XII-2009. Modificat CG 27-IX-2011. Modificat CG 26-V-2015). -info","Text","http://www.uv.es/sgeneral/Reglamentacio/Doc/Regl_Reg_Intern_Centres/K5.pdf","https://www.uv.es/uvweb/registro-general/es/reglamentos-uv/reg-regimen-int-/centros-1285894352680.html","2026-08-08"
"UV","reg-regimen-int-","ACGUV 166/2006","Reglament de Règim Intern del Departament de Filologia Francesa i Italiana. + info (Aprovat CG 27-VII-2006. Modificat CG 22-XII-2009). Text actualitzat conforme al Reglament marc de règim intern de departaments modificat en Consell de Govern el 30 de setembre de 2014 (ACGUV 169/2014). Comunicat al Consell de Govern de 18 de desembre de 2018. -info","Text","https://webges.uv.es/uvTaeWeb/MuestraInformacionEdictoPublicoFrontAction.do?idEdictoSeleccionado=14576","https://www.uv.es/uvweb/registro-general/es/reglamentos-uv/reg-regimen-int-/departamentos-1285894352725.html","2026-08-08"
"UV","reg-regimen-int-","ACGUV 167/2005","Reglament de Règim Intern de l´Escola Tècnica Superior d´Enginyeria. + info (Aprovat CG 18-VII-2005. Modificat CG 30-IX-2008. Modificat CG 22-XII-2009. Modificat CG 27-IX-2011. Modificat CG 26-XI-2014). -info","Text","http://www.uv.es/sgeneral/Reglamentacio/Doc/Regl_Reg_Intern_Centres/K1.pdf","https://www.uv.es/uvweb/registro-general/es/reglamentos-uv/reg-regimen-int-/centros-1285894352680.html","2026-08-08"
"UV","reg-regimen-int-","ACGUV 168/2006","Reglament de Règim Intern del Departament de Cirurgia. + info (Aprovat CG 27-VII-2006. Modificat CG 22-XII-2009). Text actualitzat conforme al Reglament marc de règim intern de departaments modificat en Consell de Govern el 30 de setembre de 2014 (ACGUV 169/2014). Comunicat al Consell de Govern de 23 de juliol de 2019. -info","Text","https://webges.uv.es/uvTaeWeb/MuestraInformacionEdictoPublicoFrontAction.do?idEdictoSeleccionado=18427","https://www.uv.es/uvweb/registro-general/es/reglamentos-uv/reg-regimen-int-/departamentos-1285894352725.html","2026-08-08"
"UV","reg-regimen-int-","ACGUV 169/2006","Reglament de Règim Intern del Departament de Treball Social i Serveis Socials. + info (Aprovat CG 27-VII-2006. Modificat CG 22-XII-2009). Text actualitzat conforme al Reglament marc de règim intern de departaments modificat en Consell de Govern el 30 de setembre de 2014 (ACGUV 169/2014). Comunicat al Consell de Govern de 18 de febrer de 2019. -info","Text","https://webges.uv.es/uvTaeWeb/MuestraInformacionEdictoPublicoFrontAction.do?idEdictoSeleccionado=15414","https://www.uv.es/uvweb/registro-general/es/reglamentos-uv/reg-regimen-int-/departamentos-1285894352725.html","2026-08-08"
"UV","reg-regimen-int-","ACGUV 170/2005","Reglament de Règim Intern del Departament d´Educació Física i Esportiva. + info (Aprovat CG 18-VII-2005. Modificat CG 22-XII-2009). Text actualitzat conforme al Reglament marc de règim intern de departaments modificat en Consell de Govern el 30 de setembre de 2014 (ACGUV 169/2014). Comunicat al Consell de Govern de 20 de juny de 2019. -info","Text","https://webges.uv.es/uvTaeWeb/MuestraInformacionEdictoPublicoFrontAction.do?idEdictoSeleccionado=17276","https://www.uv.es/uvweb/registro-general/es/reglamentos-uv/reg-regimen-int-/departamentos-1285894352725.html","2026-08-08"
"UV","reg-regimen-int-","ACGUV 173/2005","Reglament de Règim Intern del Departament d´Història de l´Art. + info (Aprovat CG 18-VII-2005. Modificat CG 22-XII-2009). (Text actualitzat conforme al Reglament marc de règim intern de departaments modificat en Consell de Govern el 30 de setembre de 2014 (ACGUV 169/2014). Comunicat al Consell de Govern de 21 de maig de 2019.) -info","Text","https://webges.uv.es/uvTaeWeb/MuestraInformacionEdictoPublicoFrontAction.do?accion=inicio&idEdictoSeleccionado=16577","https://www.uv.es/uvweb/registro-general/es/reglamentos-uv/reg-regimen-int-/departamentos-1285894352725.html","2026-08-08"
"UV","reg-regimen-int-","ACGUV 174/2016","Reglament de règim intern del departament de Biologia Cel·lular, Biologia Funcional i Antropologia Física. + info (Aprovat C.G. 28-VI-2016). -info","Text","http://www.uv.es/sgeneral/Reglamentacio/Doc/Regl_Reg_Intern_Depart/BiologiaCelularFuncional.pdf","https://www.uv.es/uvweb/registro-general/es/reglamentos-uv/reg-regimen-int-/departamentos-1285894352725.html","2026-08-08"
"UV","reg-regimen-int-","ACGUV 175/2005","Reglament de Règim Intern del Departament de Dret Internacional “Adolfo Miaja de la Muela”. + info (Aprovat CG 18-VII-2005. Modificat CG 22-XII-2009). Text actualitzat conforme al Reglament marc de règim intern de departaments modificat en Consell de Govern el 30 de setembre de 2014 (ACGUV 169/2014). Comunicat al Consell de Govern de 18 de febrer de 2019. -info","Text","https://webges.uv.es/uvTaeWeb/MuestraInformacionEdictoPublicoFrontAction.do?idEdictoSeleccionado=15423","https://www.uv.es/uvweb/registro-general/es/reglamentos-uv/reg-regimen-int-/departamentos-1285894352725.html","2026-08-08"
"UV","reg-regimen-int-","ACGUV 175/2016","Reglament de règim inern del departament de Prehistòria, Arqueologia i Història Antiga. + info (Aprovat CG 28-VI-2016). -info","Text","http://www.uv.es/sgeneral/Reglamentacio/Doc/Regl_Reg_Intern_Depart/Preh_Arq_HistAnt.pdf","https://www.uv.es/uvweb/registro-general/es/reglamentos-uv/reg-regimen-int-/departamentos-1285894352725.html","2026-08-08"
"UV","reg-regimen-int-","ACGUV 177/2005","Reglament de Règim Intern del Departament d´Estomatologia. + info (Aprovat CG 18-VII-2005. Modificat CG 22-XII-2009). Text actualitzat conforme al Reglament marc de règim intern de departaments modificat en Consell de Govern el 30 de setembre de 2014 (ACGUV 169/2014). Comunicat al Consell de Govern de 23 de juliol de 2019. -info","Text","https://webges.uv.es/uvTaeWeb/MuestraInformacionEdictoPublicoFrontAction.do?idEdictoSeleccionado=18428","https://www.uv.es/uvweb/registro-general/es/reglamentos-uv/reg-regimen-int-/departamentos-1285894352725.html","2026-08-08"
"UV","reg-regimen-int-","ACGUV 178/2005","Reglament de Règim Intern del Departament de Metodologia de les Ciències del Comportament. + info (Aprovat CG 18-VII-2005. Modificat CG 22-XII-2009). Text actualitzat conforme al Reglament marc de règim intern de departaments modificat en Consell de Govern el 30 de setembre de 2014 (ACGUV 169/2014). Comunicat al Consell de Govern de 18 de desembre de 2018. -info","Text","https://webges.uv.es/uvTaeWeb/MuestraInformacionEdictoPublicoFrontAction.do?accion=inicio&idEdictoSeleccionado=14567","https://www.uv.es/uvweb/registro-general/es/reglamentos-uv/reg-regimen-int-/departamentos-1285894352725.html","2026-08-08"
"UV","reg-regimen-int-","ACGUV 180/2005","Reglament de Règim Intern del Departament d´Anatomia i Embriologia Humana. + info (Aprovat CG 18-VII-2005. Modificat CG 22-XII-2009). Text actualitzat conforme al Reglament marc de règim intern de departaments modificat en Consell de Govern el 30 de setembre de 2014 (ACGUV 169/2014). Comunicat al Consell de Govern de 23 de juliol de 2019. -info","Text","https://webges.uv.es/uvTaeWeb/MuestraInformacionEdictoPublicoFrontAction.do?idEdictoSeleccionado=18426","https://www.uv.es/uvweb/registro-general/es/reglamentos-uv/reg-regimen-int-/departamentos-1285894352725.html","2026-08-08"
"UV","reg-regimen-int-","ACGUV 181/2005","Reglament de Règim Intern del Departament de Física Aplicada i Electromagnetisme. + info (Aprovat CG 18-VII-2005. Modificat CG 17-II-2009. Modificat CG 22-XII-2009. Text actualitzat conforme al Reglament marc de règim intern de departaments modificat en Consell de Govern el 30 de setembre de 2014 (ACGUV 169/2014). Comunicat al Consell de Govern de 2 d’abril de 2019.). -info","Text","https://webges.uv.es/uvTaeWeb/MuestraInformacionEdictoPublicoFrontAction.do?idEdictoSeleccionado=15902","https://www.uv.es/uvweb/registro-general/es/reglamentos-uv/reg-regimen-int-/departamentos-1285894352725.html","2026-08-08"
"UV","reg-regimen-int-","ACGUV 182/2005","Reglament de Règim Intern del Departament d´Enginyeria Electrònica. + info (Aprovat CG 18-VII-2005. Modificat CG 22-XII-2009. Modificat CG 27-IX-2016). -info","Text","https://webges.uv.es/uvTaeWeb/MuestraInformacionEdictoPublicoFrontAction.do?accion=inicio&idEdictoSeleccionado=3159","https://www.uv.es/uvweb/registro-general/es/reglamentos-uv/reg-regimen-int-/departamentos-1285894352725.html","2026-08-08"
"UV","reg-regimen-int-","ACGUV 191/2005","Reglament de Règim Intern de la Facultat de Ciències Matemàtiques. + info (Aprovat CG 27-IX-2005. Modificat CG 30-IX-2008. Modificat CG 22-XII-2009. Modificat CG 27-IX-2011. Modificat CG 28-VII-2015). -info","Text","http://www.uv.es/sgeneral/Reglamentacio/Doc/Regl_Reg_Intern_Centres/K7.pdf","https://www.uv.es/uvweb/registro-general/es/reglamentos-uv/reg-regimen-int-/centros-1285894352680.html","2026-08-08"
"UV","reg-regimen-int-","ACGUV 192/2005","Reglament de Règim Intern de la Facultat de Farmàcia. + info (Aprovat CG 27-IX-2005. Modificat CG 30-IX-2008. Modificat CG 22-XII-2009. Modificat CG 27-IX-2011. Modificat CG 26-V-2015). -info","Text","http://www.uv.es/sgeneral/Reglamentacio/Doc/Regl_Reg_Intern_Centres/K11.pdf","https://www.uv.es/uvweb/registro-general/es/reglamentos-uv/reg-regimen-int-/centros-1285894352680.html","2026-08-08"
"UV","reg-regimen-int-","ACGUV 194/2005","Reglament de Règim Intern del Departament de Química Analítica. + info (Aprovat CG 27-IX-2005. Modificat CG 22-XII-2009. Modificat CG 26-V-2015). -info","Text","http://www.uv.es/sgeneral/Reglamentacio/Doc/Regl_Reg_Intern_Depart/Quimica_Analitica.pdf","https://www.uv.es/uvweb/registro-general/es/reglamentos-uv/reg-regimen-int-/departamentos-1285894352725.html","2026-08-08"
"UV","reg-regimen-int-","ACGUV 195/2005","Reglament de Règim Intern del Departament d´Informàtica. + info (Aprovat CG 27-IX-2005. Modificat CG 22-XII-2009. Modificat CG 28-III-2017). -info","Text","https://webges.uv.es/uvTaeWeb/MuestraInformacionEdictoPublicoFrontAction.do?accion=inicio&idEdictoSeleccionado=4970","https://www.uv.es/uvweb/registro-general/es/reglamentos-uv/reg-regimen-int-/departamentos-1285894352725.html","2026-08-08"
"UV","reg-regimen-int-","ACGUV 196/2005","Reglament de Règim Intern del Departament de Sociologia i Antropologia Social. + info (Aprovat CG 27-IX-2005. Modificat CG 22-XII-2009). Text actualitzat conforme al Reglament marc de règim intern de departaments modificat en Consell de Govern el 30 de setembre de 2014 (ACGUV 169/2014). Comunicat al Consell de Govern de 18 de febrer de 2019. -info","Text","https://webges.uv.es/uvTaeWeb/MuestraInformacionEdictoPublicoFrontAction.do?idEdictoSeleccionado=15413","https://www.uv.es/uvweb/registro-general/es/reglamentos-uv/reg-regimen-int-/departamentos-1285894352725.html","2026-08-08"
"UV","reg-regimen-int-","ACGUV 197/2005","Reglament de Règim Intern del Departament de Dret Mercantil “Manuel Broseta Pont”. + info (Aprovat CG 27-IX-2005. Modificat CG 22-XII-2009. Adaptat a la modificació del Reglament Marc de règim intern de departaments aprovada pel CG de 30-IX-2014, amb el vistiplau de la Comissió d'Estatuts de 29-I-2015). -info","Text","http://www.uv.es/sgeneral/Reglamentacio/Doc/Regl_Reg_Intern_Depart/Dret_Mercantil.pdf","https://www.uv.es/uvweb/registro-general/es/reglamentos-uv/reg-regimen-int-/departamentos-1285894352725.html","2026-08-08"
"UV","reg-regimen-int-","ACGUV 198/2005","Reglament de Règim Intern del Departament de Dret Penal. + info (Aprovat CG 27-IX-2005. Modificat CG 22-XII-2009. Modificat CG 25-VII-2017). -info","Text","https://webges.uv.es/uvTaeWeb/MuestraInformacionEdictoPublicoFrontAction.do?idEdictoSeleccionado=6498","https://www.uv.es/uvweb/registro-general/es/reglamentos-uv/reg-regimen-int-/departamentos-1285894352725.html","2026-08-08"
"UV","reg-regimen-int-","ACGUV 199/2005","Reglament de Règim Intern del Departament de Psicologia Social. + info (Aprovat CG 27-IX-2005. Modificat CG 22-XII-2009). Text actualitzat conforme al Reglament marc de règim intern de departaments modificat en Consell de Govern el 30 de setembre de 2014 (ACGUV 169/2014). Comunicat al Consell de Govern de 18 de desembre de 2018. -info","Text","https://webges.uv.es/uvTaeWeb/MuestraInformacionEdictoPublicoFrontAction.do?accion=inicio&idEdictoSeleccionado=14553","https://www.uv.es/uvweb/registro-general/es/reglamentos-uv/reg-regimen-int-/departamentos-1285894352725.html","2026-08-08"
"UV","reg-regimen-int-","ACGUV 20/2005","Reglament Marc de Règim Intern de Departaments. + info (Aprovat CG 25-I-2005. Modificat CG 14-VI-2005. Modificat CG 22-XII-2009. Modificat 30-IX-2014). -info","Text","http://www.uv.es/sgeneral/Reglamentacio/Doc/Regl_Reg_Intern_Depart/F0.pdf","https://www.uv.es/uvweb/registro-general/es/reglamentos-uv/reg-regimen-int-/departamentos-1285894352725.html","2026-08-08"
"UV","reg-regimen-int-","ACGUV 200/2005","Reglament de Règim Intern del Departament de Personalitat, Avaluació i Tractaments Psicològics. + info (Aprovat CG 27-IX-2005. Modificat CG 22-XII-2009). Text actualitzat conforme al Reglament marc de règim intern de departaments modificat en Consell de Govern el 30 de setembre de 2014 (ACGUV 169/2014). Comunicat al Consell de Govern de 18 de desembre de 2018. -info","Text","https://webges.uv.es/uvTaeWeb/MuestraInformacionEdictoPublicoFrontAction.do?accion=inicio&idEdictoSeleccionado=14549","https://www.uv.es/uvweb/registro-general/es/reglamentos-uv/reg-regimen-int-/departamentos-1285894352725.html","2026-08-08"
"UV","reg-regimen-int-","ACGUV 201/2005","Reglament de Règim Intern del Departament de Psicologia Bàsica. + info (Aprovat CG 27-IX-2005. Modificat CG 22-XII-2009). Text actualitzat conforme al Reglament marc de règim intern de departaments modificat en Consell de Govern el 30 de setembre de 2014 (ACGUV 169/2014). Comunicat al Consell de Govern de 18 de desembre de 2018. -info","Text","https://webges.uv.es/uvTaeWeb/MuestraInformacionEdictoPublicoFrontAction.do?accion=inicio&idEdictoSeleccionado=14551","https://www.uv.es/uvweb/registro-general/es/reglamentos-uv/reg-regimen-int-/departamentos-1285894352725.html","2026-08-08"
"UV","reg-regimen-int-","ACGUV 203/2005","Reglament de Règim Intern del Departament d´Educació Comparada i Història de l’Educació. + info (Aprovat CG 27-IX-2005. Modificat CG 22-XII-2009). Text actualitzat conforme al Reglament marc de règim intern de departaments modificat en Consell de Govern el 30 de setembre de 2014 (ACGUV 169/2014). Comunicat al Consell de Govern de 20 de juny de 2019. -info","Text","https://webges.uv.es/uvTaeWeb/MuestraInformacionEdictoPublicoFrontAction.do?idEdictoSeleccionado=17272","https://www.uv.es/uvweb/registro-general/es/reglamentos-uv/reg-regimen-int-/departamentos-1285894352725.html","2026-08-08"
"UV","reg-regimen-int-","ACGUV 204/2005","Reglament de Règim Intern del Departament de Didàctica i Organització Escolar. + info (Aprovat CG 27-IX-2005. Modificat CG 22-XII-2009). Text actualitzat conforme al Reglament marc de règim intern de departaments modificat en Consell de Govern el 30 de setembre de 2014 (ACGUV 169/2014). Comunicat al Consell de Govern de 20 de juny de 2019. -info","Text","https://webges.uv.es/uvTaeWeb/MuestraInformacionEdictoPublicoFrontAction.do?idEdictoSeleccionado=17271","https://www.uv.es/uvweb/registro-general/es/reglamentos-uv/reg-regimen-int-/departamentos-1285894352725.html","2026-08-08"
"UV","reg-regimen-int-","ACGUV 205/2005","Reglament de Règim Intern del Departament d´Enginyeria Química. + info (Aprovat CG 27-IX-2005. Modificat CG 22-XII-2009). (Text actualitzat conforme al Reglament marc de règim intern de departaments modificat en Consell de Govern el 30 de setembre de 2014 (ACGUV 169/2014). Comunicat al Consell de Govern de 21 de maig de 2019). -info","Text","https://webges.uv.es/uvTaeWeb/MuestraInformacionEdictoPublicoFrontAction.do?idEdictoSeleccionado=16588","https://www.uv.es/uvweb/registro-general/es/reglamentos-uv/reg-regimen-int-/departamentos-1285894352725.html","2026-08-08"
"UV","reg-regimen-int-","ACGUV 21/2025","Reglament de règim intern de l'Estació Biològica ""Alt Túria"" (EBAT). (CG 10-II-2025).","Text","https://webges.uv.es/uvTaeWeb/MuestraInformacionEdictoPublicoFrontAction.do?idEdictoSeleccionado=78248","https://www.uv.es/uvweb/registro-general/es/reglamentos-uv/reg-regimen-int-/otros-centros-1286148250936.html","2026-08-08"
"UV","reg-regimen-int-","ACGUV 213/2016","Reglament de règim intern del departament de Botànica i Geologia. + info (Aprovat CG 26-VII-2016) -info","Text","http://www.uv.es/sgeneral/Reglamentacio/Doc/Regl_Reg_Intern_Depart/Botanica_Geologia.pdf","https://www.uv.es/uvweb/registro-general/es/reglamentos-uv/reg-regimen-int-/departamentos-1285894352725.html","2026-08-08"
"UV","reg-regimen-int-","ACGUV 214/2016","Reglament de règim intern del departament d'Història Medieval i Ciències i Tècniques Historiogràfiques. + info (Aprovat CG 26-VII-2016). -info","Text","http://www.uv.es/sgeneral/Reglamentacio/Doc/Regl_Reg_Intern_Depart/HistMedieval_CTHistorio.pdf","https://www.uv.es/uvweb/registro-general/es/reglamentos-uv/reg-regimen-int-/departamentos-1285894352725.html","2026-08-08"
"UV","reg-regimen-int-","ACGUV 225/2011","Adaptació de l´article 36.1 apartats a) i b) dels estatuts de la Universitat de València a la LOMLOU.","Text","http://www.uv.es/sgeneral/Reglamentacio/Doc/Regl_Reg_Intern_Centres/F31.pdf","https://www.uv.es/uvweb/registro-general/es/reglamentos-uv/reg-regimen-int-/centros-1285894352680.html","2026-08-08"
"UV","reg-regimen-int-","ACGUV 227/2005","Reglament de Règim Intern de la Facultat de Filologia, Traducció i Comunicació. + info (Aprovat CG 25-X-2005. Adaptat al canvi de denominació del centre Decret 69/2007, de 4 de maig. Modificat CG 30-IX-2008. Modificat CG 22-XII-2009. Modificat CG 19-IV-2011. Modificat CG 27-IX-2011). Text actualitzat conforme al Reglament marc de règim intern de centres modificat en Consell de Govern el 30 de setembre de 2014 (ACGUV 168/2014). Comunicat al Consell de Govern de 18 de desembre de 2018. (Modificat CG 18-II-2019). -info","Text","https://webges.uv.es/uvTaeWeb/MuestraInformacionEdictoPublicoFrontAction.do?idEdictoSeleccionado=15511","https://www.uv.es/uvweb/registro-general/es/reglamentos-uv/reg-regimen-int-/centros-1285894352680.html","2026-08-08"
"UV","reg-regimen-int-","ACGUV 228/2005","Reglament de Règim Intern de la Facultat de Psicologia. + info (Aprovat CG 25-X-2005. Modificat CG 30-IX-2008. Modificat CG 22-XII-2009. Modificat CG 27-IX-2011). Text actualitzat conforme al Reglament marc de règim intern de centres modificat en Consell de Govern el 30 de setembre de 2014 (ACGUV 168/2014). Comunicat al Consell de Govern de 23 de juliol de 2019. -info","Text","https://webges.uv.es/uvTaeWeb/MuestraInformacionEdictoPublicoFrontAction.do?idEdictoSeleccionado=18425","https://www.uv.es/uvweb/registro-general/es/reglamentos-uv/reg-regimen-int-/centros-1285894352680.html","2026-08-08"
"UV","reg-regimen-int-","ACGUV 229/2005","Reglament de Règim Intern de la Facultat de Física. + info (Aprovat CG 25-X-2005. Modificat CG 30-IX-2008. Modificat CG 22-XII-2009. Modificat CG 27-IX-2011. Modificat CG 30-V-2017). -info","Text","https://webges.uv.es/uvTaeWeb/MuestraInformacionEdictoPublicoFrontAction.do?accion=inicio&idEdictoSeleccionado=5637","https://www.uv.es/uvweb/registro-general/es/reglamentos-uv/reg-regimen-int-/centros-1285894352680.html","2026-08-08"
"UV","reg-regimen-int-","ACGUV 230/2005","Reglament de Règim Intern de la Facultat de Quimica. + info (Aprovat CG 25-X-2005. Modificat CG 30-IX-2008. Modificat CG 22-XII-2009. Modificat CG 27-IX-2011. Modificat CG 10-VII-2018). -info","Text","https://webges.uv.es/uvTaeWeb/MuestraInformacionEdictoPublicoFrontAction.do?accion=inicio&idEdictoSeleccionado=11916","https://www.uv.es/uvweb/registro-general/es/reglamentos-uv/reg-regimen-int-/centros-1285894352680.html","2026-08-08"
"UV","reg-regimen-int-","ACGUV 231/2005","Reglament de Règim Intern de la Facultat de Ciències Biològiques. + info (Aprovat CG 25-X-2005. Modificat CG 30-IX-2008. Modificat CG 22-XII-2009. Modificat CG 27-IX-2011. Modificat CG 24-IV-2018). -info","Text","https://webges.uv.es/uvTaeWeb/MuestraInformacionEdictoPublicoFrontAction.do?accion=inicio&idEdictoSeleccionado=10450","https://www.uv.es/uvweb/registro-general/es/reglamentos-uv/reg-regimen-int-/centros-1285894352680.html","2026-08-08"
"UV","reg-regimen-int-","ACGUV 232/2005","Reglament de Règim Intern de la Facultat de Fisioteràpia. + info (Aprovat CG 25-X-2005. Modificat CG 30-IX-2008. Modificat CG 22-XII-2009. Adaptat al canvi de denominació del centre Decret 116/2011, de 9 de setembre. Modificat CG 27-IX-2011). Text actualitzat conforme al Reglament marc de règim intern de centres modificat en Consell de Govern el 30 de setembre de 2014 (ACGUV 168/2014). Comunicat al Consell de Govern de 18 de desembre de 2018. -info","Text","https://webges.uv.es/uvTaeWeb/MuestraInformacionEdictoPublicoFrontAction.do?accion=inicio&idEdictoSeleccionado=14523","https://www.uv.es/uvweb/registro-general/es/reglamentos-uv/reg-regimen-int-/centros-1285894352680.html","2026-08-08"
"UV","reg-regimen-int-","ACGUV 233/2005","Reglament de Règim Intern de la Facultat de Magisteri. + info (Aprovat CG 25-X-2005. Modificat CG 30-IX-2008. Modificat CG 22-XII-2009. Modificat CG 28-VI-2011. Adaptació al canvi de denominació del centre Decret 116/2011, de 9 de setembre. Modificat CG 27-IX-2011. Modificat CG 28-II-2012). Text actualitzat conforme al Reglament marc de règim intern de centres modificat en Consell de Govern el 30 de setembre de 2014 (ACGUV 168/2014). Comunicat al Consell de Govern de 18 de febrer de 2019. -info","Text","https://webges.uv.es/uvTaeWeb/MuestraInformacionEdictoPublicoFrontAction.do?idEdictoSeleccionado=15409","https://www.uv.es/uvweb/registro-general/es/reglamentos-uv/reg-regimen-int-/centros-1285894352680.html","2026-08-08"
"UV","reg-regimen-int-","ACGUV 235/2005","Reglament de Règim Intern del Departament de Dret Civil. + info (Aprovat CG 25-X-2005. Modificat CG 22-XII-2009). Text actualitzat conforme al Reglament marc de règim intern de departaments modificat en Consell de Govern el 30 de setembre de 2014 (ACGUV 169/2014). Comunicat al Consell de Govern de 18 de febrer de 2019. -info","Text","https://webges.uv.es/uvTaeWeb/MuestraInformacionEdictoPublicoFrontAction.do?idEdictoSeleccionado=15416","https://www.uv.es/uvweb/registro-general/es/reglamentos-uv/reg-regimen-int-/departamentos-1285894352725.html","2026-08-08"
"UV","reg-regimen-int-","ACGUV 236/2005","Reglament de règim Intern del Departament de Didàctica de les Ciències Experimentals i Socials. + info (Aprovat CG 25-X-2005. Modificat CG 22-XII-2009. Adaptat al canvi de denominació del centre, Decret 116/2011, de 9 de setembre). Text actualitzat conforme al Reglament marc de règim intern de departaments modificat en Consell de Govern el 30 de setembre de 2014 (ACGUV 169/2014). Comunicat al Consell de Govern de 18 de febrer de 2019. -info","Text","https://webges.uv.es/uvTaeWeb/MuestraInformacionEdictoPublicoFrontAction.do?idEdictoSeleccionado=15412","https://www.uv.es/uvweb/registro-general/es/reglamentos-uv/reg-regimen-int-/departamentos-1285894352725.html","2026-08-08"
"UV","reg-regimen-int-","ACGUV 237/2005","Reglament de Règim Intern del Departament de Didàtica de l'Educació Física, Artística i Música. + info (Aprovat CG 25-X-2005. Modificat CG 22-XII-2009. Adaptat al canvi de denominació del centre, Decret 116/2011, de 9 de setembre. Modificat CG 26-IV-2016. Canvi de denominació del Departament i Modificat CG 29-IX-2022). -info","Text","https://webges.uv.es/uvTaeWeb/MuestraInformacionEdictoPublicoFrontAction.do?idEdictoSeleccionado=45945","https://www.uv.es/uvweb/registro-general/es/reglamentos-uv/reg-regimen-int-/departamentos-1285894352725.html","2026-08-08"
"UV","reg-regimen-int-","ACGUV 238/2005","Reglament de Règim Intern del Departament de Didàctica de la Matemàtica. + info (Aprovat CG 25-X-2005. Modificat CG 22-XII-2009. Adaptació al canvi de denominació del centre. Decret 116/2011, de 9 de setembre). Text actualitzat conforme al Reglament marc de règim intern de departaments modificat en Consell de Govern el 30 de setembre de 2014 (ACGUV 169/2014). Comunicat al Consell de Govern de 18 de febrer de 2019. -info","Text","https://webges.uv.es/uvTaeWeb/MuestraInformacionEdictoPublicoFrontAction.do?idEdictoSeleccionado=15411","https://www.uv.es/uvweb/registro-general/es/reglamentos-uv/reg-regimen-int-/departamentos-1285894352725.html","2026-08-08"
"UV","reg-regimen-int-","ACGUV 239/2005","Reglament de Règim Intern del Departament d´Economia Financera i Actuarial. + info (Aprovat CG 25-X-2005. Modificat CG 22-XII-2009. Text actualitzat conforme al Reglament marc de règim intern de departaments modificat en Consell de Govern el 30 de setembre de 2014 (ACGUV 169/2014). Comunicat al Consell de Govern de 2 d’abril de 2019). (Modificat CG 21-V-2019). -info","Text","https://webges.uv.es/uvTaeWeb/MuestraInformacionEdictoPublicoFrontAction.do?idEdictoSeleccionado=16645","https://www.uv.es/uvweb/registro-general/es/reglamentos-uv/reg-regimen-int-/departamentos-1285894352725.html","2026-08-08"
"UV","reg-regimen-int-","ACGUV 240/2005","Reglament de Règim Intern del Departament d´Estructura Econòmica (Economia Aplicada II). + info (Aprovat CG 25-X-2005. Modificat CG 22-XII-2009. Text actualitzat conforme al Reglament marc de règim intern de departaments modificat en Consell de Govern el 30 de setembre de 2014 (ACGUV 169/2014). Comunicat al Consell de Govern de 2 d’abril de 2019.). -info","Text","https://webges.uv.es/uvTaeWeb/MuestraInformacionEdictoPublicoFrontAction.do?idEdictoSeleccionado=15900","https://www.uv.es/uvweb/registro-general/es/reglamentos-uv/reg-regimen-int-/departamentos-1285894352725.html","2026-08-08"
"UV","reg-regimen-int-","ACGUV 241/2005","Reglament de Règim Intern del Departament de Fisioteràpia. + info (Aprovat CG 25-X-2005. Modificat CG 22-XII-2009. Adaptació al canvi de denominació del centre, Decret 116/2011, de 9 de setembre. Modificat CG 24-IV-2018). -info","Text","https://webges.uv.es/uvTaeWeb/MuestraInformacionEdictoPublicoFrontAction.do?accion=inicio&idEdictoSeleccionado=10446","https://www.uv.es/uvweb/registro-general/es/reglamentos-uv/reg-regimen-int-/departamentos-1285894352725.html","2026-08-08"
"UV","reg-regimen-int-","ACGUV 241/2016","Reglament de règim intern del departament de Farmàcia i Tecnologia Farmacèutica i Parasitologia. + info (Aprovat CG 27-IX-2016). -info","Text","https://webges.uv.es/uvTaeWeb/MuestraInformacionEdictoPublicoFrontAction.do?accion=inicio&idEdictoSeleccionado=3160","https://www.uv.es/uvweb/registro-general/es/reglamentos-uv/reg-regimen-int-/departamentos-1285894352725.html","2026-08-08"
"UV","reg-regimen-int-","ACGUV 242/2005","Reglament de Règim Intern del Departament de Matemàtiques per a l'Economia i l'Empresa. + info (Aprovat CG 25-X-2005. Modificat CG 22-XII-2009. Text actualitzat conforme al Reglament marc de règim intern de departaments modificat en Consell de Govern el 30 de setembre de 2014 (ACGUV 169/2014). Comunicat al Consell de Govern de 2 d’abril de 2019.). -info","Text","https://webges.uv.es/uvTaeWeb/MuestraInformacionEdictoPublicoFrontAction.do?idEdictoSeleccionado=15901","https://www.uv.es/uvweb/registro-general/es/reglamentos-uv/reg-regimen-int-/departamentos-1285894352725.html","2026-08-08"
"UV","reg-regimen-int-","ACGUV 243/2005","Reglament de Règim Intern del Departament de Psicobiologia. + info (Aprovat CG 25-X-2005. Modificat CG 22-XII-2009). Text actualitzat conforme al Reglament marc de règim intern de departaments modificat en Consell de Govern el 30 de setembre de 2014 (ACGUV 169/2014). Comunicat al Consell de Govern de 18 de desembre de 2018. -info","Text","https://webges.uv.es/uvTaeWeb/MuestraInformacionEdictoPublicoFrontAction.do?accion=inicio&idEdictoSeleccionado=14550","https://www.uv.es/uvweb/registro-general/es/reglamentos-uv/reg-regimen-int-/departamentos-1285894352725.html","2026-08-08"
"UV","reg-regimen-int-","ACGUV 243/2006","Reglament de Règim Intern del Departament de Filosofia del Dret i Política. + info (Aprovat CG 28-XI-2006. Modificat CG 22-XII-2009. Modificat CG 27-IX-2016). -info","Text","https://webges.uv.es/uvTaeWeb/MuestraInformacionEdictoPublicoFrontAction.do?accion=inicio&idEdictoSeleccionado=3161","https://www.uv.es/uvweb/registro-general/es/reglamentos-uv/reg-regimen-int-/departamentos-1285894352725.html","2026-08-08"
"UV","reg-regimen-int-","ACGUV 244/2005","Reglament de Règim Intern del Departament de Psicologia Evolutiva i de l´Educació. + info (Aprovat CG 25-X-2005. Modificat CG 22-XII-2009). Text actualitzat conforme al Reglament marc de règim intern de departaments modificat en Consell de Govern el 30 de setembre de 2014 (ACGUV 169/2014). Comunicat al Consell de Govern de 18 de desembre de 2018. -info","Text","https://webges.uv.es/uvTaeWeb/MuestraInformacionEdictoPublicoFrontAction.do?accion=inicio&idEdictoSeleccionado=14552","https://www.uv.es/uvweb/registro-general/es/reglamentos-uv/reg-regimen-int-/departamentos-1285894352725.html","2026-08-08"
"UV","reg-regimen-int-","ACGUV 245/2005","Reglament de Règim Intern del Departament de Química Inorgànica. + info (Aprovat CG 25-X-2005. Modificat CG 22-XII-2009. Text actualitzat conforme al Reglament marc de règim intern de departaments modificat en Consell de Govern el 30 de setembre de 2014 (ACGUV 169/2014). Comunicat al Consell de Govern de 2 d’abril de 2019.). -info","Text","https://webges.uv.es/uvTaeWeb/MuestraInformacionEdictoPublicoFrontAction.do?idEdictoSeleccionado=15905","https://www.uv.es/uvweb/registro-general/es/reglamentos-uv/reg-regimen-int-/departamentos-1285894352725.html","2026-08-08"
"UV","reg-regimen-int-","ACGUV 246/2005","Reglament de Règim Intern del Departament de Teoria dels Llenguatges i Ciències de la Comunicació. + info (Aprovat CG 25-X-2005. Modificat per canvi de denominació del Departament en el CG 31-I-2006. Modificat CG 22-XII-2009). Text actualitzat conforme al Reglament marc de règim intern de departaments modificat en Consell de Govern el 30 de setembre de 2014 (ACGUV 169/2014). Comunicat al Consell de Govern de 18 de desembre de 2018. -info","Text","https://webges.uv.es/uvTaeWeb/MuestraInformacionEdictoPublicoFrontAction.do?idEdictoSeleccionado=14592","https://www.uv.es/uvweb/registro-general/es/reglamentos-uv/reg-regimen-int-/departamentos-1285894352725.html","2026-08-08"
"UV","reg-regimen-int-","ACGUV 247/2005","Reglament de Règim Intern del Departament de Zoologia. + info (Aprovat CG 25-X-2005. Modificat CG 22-XII-2009. Modificat CG 31-III-2015). -info","Text","http://www.uv.es/sgeneral/Reglamentacio/Doc/Regl_Reg_Intern_Depart/Zoologia.pdf","https://www.uv.es/uvweb/registro-general/es/reglamentos-uv/reg-regimen-int-/departamentos-1285894352725.html","2026-08-08"
"UV","reg-regimen-int-","ACGUV 251/2006","Reglament de Règim Intern del Departament de Dret Constitucional i Ciència Política i de l'Administració. + info (Aprovat CG 21-XII-2006. Modificat CG 22-XII-2009). Text actualitzat conforme al Reglament marc de règim intern de departaments modificat en Consell de Govern el 30 de setembre de 2014 (ACGUV 169/2014). Comunicat al Consell de Govern de 18 de febrer de 2019. -info","Text","https://webges.uv.es/uvTaeWeb/MuestraInformacionEdictoPublicoFrontAction.do?idEdictoSeleccionado=15417","https://www.uv.es/uvweb/registro-general/es/reglamentos-uv/reg-regimen-int-/departamentos-1285894352725.html","2026-08-08"
"UV","reg-regimen-int-","ACGUV 268/2005","Reglament de Règim Intern de la Facultat de Dret. + info (Aprovat CG 29-XI-2005. Modificat CG 30-IX-2008. Modificat CG 22-XII-2009. Modificat CG 27-IX-2011. Modificat CG 24-IV-2018). -info","Text","https://webges.uv.es/uvTaeWeb/MuestraInformacionEdictoPublicoFrontAction.do?accion=inicio&idEdictoSeleccionado=10445","https://www.uv.es/uvweb/registro-general/es/reglamentos-uv/reg-regimen-int-/centros-1285894352680.html","2026-08-08"
"UV","reg-regimen-int-","ACGUV 269/2005","Reglament de Règim Intern de la Facultat de Medicina i Odontologia. + info (Aprovat CG 29-XI-2005. Modificat CG 30-IX-2008. Modificat CG 22-XII-2009. Modificat CG 27-IX-2011. Modificat CG 28-II-2017). -info","Text","https://webges.uv.es/uvTaeWeb/MuestraInformacionEdictoPublicoFrontAction.do?idEdictoSeleccionado=4799","https://www.uv.es/uvweb/registro-general/es/reglamentos-uv/reg-regimen-int-/centros-1285894352680.html","2026-08-08"
"UV","reg-regimen-int-","ACGUV 270/2005","Reglament de Règim Intern del Departament d´Anàlisi Matemàtica. + info (Aprovat CG 29-XI-2005. Modificat CG 22-XII-2009). (Text actualitzat conforme al Reglament marc de règim intern de departaments modificat en Consell de Govern el 30 de setembre de 2014 (ACGUV 169/2014). Comunicat al Consell de Govern de 21 de maig de 2019). -info","Text","https://webges.uv.es/uvTaeWeb/MuestraInformacionEdictoPublicoFrontAction.do?idEdictoSeleccionado=16574","https://www.uv.es/uvweb/registro-general/es/reglamentos-uv/reg-regimen-int-/departamentos-1285894352725.html","2026-08-08"
"UV","reg-regimen-int-","ACGUV 272/2005","Reglament de Règim Intern del Departament de Biologia Vegetal. + info (Aprovat CG 29-XI-2005. Modificat CG 22-XII-2009. Adaptat a la modificació del Reglament Marc de règim intern de departaments aprovada pel CG de 30-IX-1994, amb el vistiplau de la Comissió d'Estatuts de 27-IV-2015. Modificat CG 7-III-2023). -info","Text","https://webges.uv.es/uvTaeWeb/MuestraInformacionEdictoPublicoFrontAction.do?idEdictoSeleccionado=51646","https://www.uv.es/uvweb/registro-general/es/reglamentos-uv/reg-regimen-int-/departamentos-1285894352725.html","2026-08-08"
"UV","reg-regimen-int-","ACGUV 273/2005","Reglament de Règim Imtern del Departament de Comercialització i Investigació de Mercats. + info (Aprovat CG 29-XI-2005. Modificat CG 22-XII-2009. Text actualitzat conforme al Reglament marc de règim intern de departaments modificat en Consell de Govern el 30 de setembre de 2014 (ACGUV 169/2014). Comunicat al Consell de Govern de 2 d’abril de 2019. ). -info","Text","https://webges.uv.es/uvTaeWeb/MuestraInformacionEdictoPublicoFrontAction.do?idEdictoSeleccionado=15897","https://www.uv.es/uvweb/registro-general/es/reglamentos-uv/reg-regimen-int-/departamentos-1285894352725.html","2026-08-08"
"UV","reg-regimen-int-","ACGUV 274/2005","Reglament de Règim Intern del Departament de Direcció d'Empreses Juan José Renau Piqueras. + info (Aprovat CG 29-XI-2005. Modificat CG 22-XII-2009. Text actualitzat conforme al Reglament marc de règim intern de departaments modificat en Consell de Govern el 30 de setembre de 2014 (ACGUV 169/2014). Comunicat al Consell de Govern de 2 d’abril de 2019.). Modificat Secció Cinquena del Títol Segon (article 36) pel Consell de Govern de 29 de novembre de 2022 (ACGUV 267/2022). -info","Text","https://webges.uv.es/uvTaeWeb/MuestraInformacionEdictoPublicoFrontAction.do?accion=inicio&idEdictoSeleccionado=48522","https://www.uv.es/uvweb/registro-general/es/reglamentos-uv/reg-regimen-int-/departamentos-1285894352725.html","2026-08-08"
"UV","reg-regimen-int-","ACGUV 275/2005","Reglament de Règim Intern del Departament de Dret Administratiu i Processal. + info (Aprovat CG 29-XI-2005. Modificat CG 22-XII-2009). Text actualitzat conforme al Reglament marc de règim intern de departaments modificat en Consell de Govern el 30 de setembre de 2014 (ACGUV 169/2014). Comunicat al Consell de Govern de 18 de febrer de 2019. -info","Text","https://webges.uv.es/uvTaeWeb/MuestraInformacionEdictoPublicoFrontAction.do?idEdictoSeleccionado=15415","https://www.uv.es/uvweb/registro-general/es/reglamentos-uv/reg-regimen-int-/departamentos-1285894352725.html","2026-08-08"
"UV","reg-regimen-int-","ACGUV 276/2005","Reglament de Règim Intern del Departament de Dret Romà i Eclesiàstic de l'Estat. + info (Aprovat CG 29-XI-2005. Modificat CG 22-XII-2009). Text actualitzat conforme al Reglament marc de règim intern de departaments modificat en Consell de Govern el 30 de setembre de 2014 (ACGUV 169/2014). Comunicat al Consell de Govern de 18 de febrer de 2019. -info","Text","https://webges.uv.es/uvTaeWeb/MuestraInformacionEdictoPublicoFrontAction.do?idEdictoSeleccionado=15425","https://www.uv.es/uvweb/registro-general/es/reglamentos-uv/reg-regimen-int-/departamentos-1285894352725.html","2026-08-08"
"UV","reg-regimen-int-","ACGUV 277/2005","Reglament de Règim Intern del Departament de Farmacologia. + info (Aprovat CG 29-XI-2005. Modificat CG 22-XII-2009. Modificat CG 24-XI-2015). -info","Text","http://www.uv.es/sgeneral/Reglamentacio/Doc/Regl_Reg_Intern_Depart/Farmacologia.pdf","https://www.uv.es/uvweb/registro-general/es/reglamentos-uv/reg-regimen-int-/departamentos-1285894352725.html","2026-08-08"
"UV","reg-regimen-int-","ACGUV 278/2005","Reglament de Règim Intern del Departament de Geografia. + info (Aprovat CG 29-XI-2005. Modificat CG 22-XII-2009). (Text actualitzat conforme al Reglament marc de règim intern de departaments modificat en Consell de Govern el 30 de setembre de 2014 (ACGUV 169/2014). Comunicat al Consell de Govern de 21 de maig de 2019). -info","Text","https://webges.uv.es/uvTaeWeb/MuestraInformacionEdictoPublicoFrontAction.do?idEdictoSeleccionado=16576","https://www.uv.es/uvweb/registro-general/es/reglamentos-uv/reg-regimen-int-/departamentos-1285894352725.html","2026-08-08"
"UV","reg-regimen-int-","ACGUV 279/2005","Reglament de Règim Intern del Departament de Medicina. + info (Aprovat CG 29-XI-2005. Modificat CG 22-XII-2009). Text actualitzat conforme al Reglament marc de règim intern de departaments modificat en Consell de Govern el 30 de setembre de 2014 (ACGUV 169/2014). Comunicat al Consell de Govern de 23 de juliol de 2019. -info","Text","https://webges.uv.es/uvTaeWeb/MuestraInformacionEdictoPublicoFrontAction.do?idEdictoSeleccionado=18433","https://www.uv.es/uvweb/registro-general/es/reglamentos-uv/reg-regimen-int-/departamentos-1285894352725.html","2026-08-08"
"UV","reg-regimen-int-","ACGUV 279/2016","Reglament de règim intern del departament de Matemàtiques. + info (Aprovat CG 28-X-2016) -info","Text","https://webges.uv.es/uvTaeWeb/MuestraInformacionEdictoPublicoFrontAction.do?idEdictoSeleccionado=3515","https://www.uv.es/uvweb/registro-general/es/reglamentos-uv/reg-regimen-int-/departamentos-1285894352725.html","2026-08-08"
"UV","reg-regimen-int-","ACGUV 280/2005","Reglament de Règim Intern del Departament de Medicina Preventiva i Salut Púlica, Ciències de l'Alimentació, Toxicologia i Medicina Legal. + info (Aprovat CG 29-XI-2005. Modificat CG 22-XII-2009). (Text actualitzat conforme al Reglament marc de règim intern de departaments modificat en Consell de Govern el 30 de setembre de 2014 (ACGUV 169/2014). Comunicat al Consell de Govern de 21 de maig de 2019). -info","Text","https://webges.uv.es/uvTaeWeb/MuestraInformacionEdictoPublicoFrontAction.do?idEdictoSeleccionado=16589","https://www.uv.es/uvweb/registro-general/es/reglamentos-uv/reg-regimen-int-/departamentos-1285894352725.html","2026-08-08"
"UV","reg-regimen-int-","ACGUV 280/2016","Reglament de règim intern del departament de Filosofia. + info (Aprovat CG 28-X-2016) -info","Text","https://webges.uv.es/uvTaeWeb/MuestraInformacionEdictoPublicoFrontAction.do?idEdictoSeleccionado=3516","https://www.uv.es/uvweb/registro-general/es/reglamentos-uv/reg-regimen-int-/departamentos-1285894352725.html","2026-08-08"
"UV","reg-regimen-int-","ACGUV 281/2005","Reglament de Règim Intern del Departament de Química Física. + info (Aprovat CG 29-XI-2005. Modificat CG 22-XII-2009. Modificat CG 26-V-2015). -info","Text","http://www.uv.es/sgeneral/Reglamentacio/Doc/Regl_Reg_Intern_Depart/Quimica_Fisica.pdf","https://www.uv.es/uvweb/registro-general/es/reglamentos-uv/reg-regimen-int-/departamentos-1285894352725.html","2026-08-08"
"UV","reg-regimen-int-","ACGUV 282/2005","Reglament de Règim Intern del Departament de Física de la Terra i Termodinàmica. + info (Aprovat CG 29-XI-2005. Modificat CG 17-II-2009. Modificat CG 22-XII-2009). Text actualitzat conforme al Reglament marc de règim intern de departaments modificat en Consell de Govern el 30 de setembre de 2014 (ACGUV 169/2014). Comunicat al Consell de Govern de 20 de juny de 2019. (Modificat CG 20-VI-2019). -info","Text","https://webges.uv.es/uvTaeWeb/MuestraInformacionEdictoPublicoFrontAction.do?idEdictoSeleccionado=17278","https://www.uv.es/uvweb/registro-general/es/reglamentos-uv/reg-regimen-int-/departamentos-1285894352725.html","2026-08-08"
"UV","reg-regimen-int-","ACGUV 283/2005","Reglament de Règim Intern del Departament de Teoria de l´Educació. + info (Aprovat CG 29-XI-2005. Modificat CG 22-XII-2009). Text actualitzat conforme al Reglament marc de règim intern de departaments modificat en Consell de Govern el 30 de setembre de 2014 (ACGUV 169/2014). Comunicat al Consell de Govern de 20 de juny de 2019. -info","Text","https://webges.uv.es/uvTaeWeb/MuestraInformacionEdictoPublicoFrontAction.do?accion=inicio&idEdictoSeleccionado=17294","https://www.uv.es/uvweb/registro-general/es/reglamentos-uv/reg-regimen-int-/departamentos-1285894352725.html","2026-08-08"
"UV","reg-regimen-int-","ACGUV 31/2006","Reglament de Règim Intern de la Facultat d´Infermeria i Podologia. + info (Aprovat CG 31-I-2006. Modificat CG 30-IX-2008. Modificat CG 17-II-2009. Modificat CG 22-XII-2009. Adaptat al canvi de denominació de centre Decret 116/2011, de 9 de setembre. Modificat CG 27-IX-2011. Modificat CG 26-V-2015). -info","Text","http://www.uv.es/sgeneral/Reglamentacio/Doc/Regl_Reg_Intern_Centres/K3.pdf","https://www.uv.es/uvweb/registro-general/es/reglamentos-uv/reg-regimen-int-/centros-1285894352680.html","2026-08-08"
"UV","reg-regimen-int-","ACGUV 35/2006","Reglament de Règim Intern del Departament de Bioquímica i Biologia molecular. + info (Aprovat CG 31-I-2006. Modificat CG 22-XII-2009. Modificat CG 28-VII-2015). -info","Text","http://www.uv.es/sgeneral/Reglamentacio/Doc/Regl_Reg_Intern_Depart/Bioquibiomol.pdf","https://www.uv.es/uvweb/registro-general/es/reglamentos-uv/reg-regimen-int-/departamentos-1285894352725.html","2026-08-08"
"UV","reg-regimen-int-","ACGUV 36/2006","Reglament de Règim Intern del Departament de Comptabilitat. + info (Aprovat CG 31-I-2006. Modificat CG 22-XII-2009. Modificat CG 31-III-2015). -info","Text","http://www.uv.es/sgeneral/Reglamentacio/Doc/Regl_Reg_Intern_Depart/Comptabilitat.pdf","https://www.uv.es/uvweb/registro-general/es/reglamentos-uv/reg-regimen-int-/departamentos-1285894352725.html","2026-08-08"
"UV","reg-regimen-int-","ACGUV 363/2024","Reglament de Règim Intern de l'Escola de Doctorat i d'Estudis de Doctorat de la Universitat de València. (CG 17-XII-2024).","Text","https://webges.uv.es/uvTaeWeb/MuestraInformacionEdictoPublicoFrontAction.do?idEdictoSeleccionado=76046","https://www.uv.es/uvweb/registro-general/es/reglamentos-uv/reg-regimen-int-/centros-1285894352680.html","2026-08-08"
"UV","reg-regimen-int-","ACGUV 37/2006","Reglament de Règim Intern del Departament de Didàctica de la Llengua i la Literatura. + info (Aprovat CG 31-I-2006. Modificat CG 22-XII-2009. Adaptació al canvi de denominació del centre, Decret 116/2011, de 9 de setembre). Text actualitzat conforme al Reglament marc de règim intern de departaments modificat en Consell de Govern el 30 de setembre de 2014 (ACGUV 169/2014). Comunicat al Consell de Govern de 18 de febrer de 2019. -info","Text","https://webges.uv.es/uvTaeWeb/MuestraInformacionEdictoPublicoFrontAction.do?idEdictoSeleccionado=15410","https://www.uv.es/uvweb/registro-general/es/reglamentos-uv/reg-regimen-int-/departamentos-1285894352725.html","2026-08-08"
"UV","reg-regimen-int-","ACGUV 38/2006","Reglament de Règim Intern del Departament d´Economia Aplicada. + info (Aprovat CG 31-I-2006. Modificat CG 22-XII-2009. Modificat CG 19-XII-2017). -info","Text","https://webges.uv.es/uvTaeWeb/MuestraInformacionEdictoPublicoFrontAction.do?accion=inicio&idEdictoSeleccionado=8935","https://www.uv.es/uvweb/registro-general/es/reglamentos-uv/reg-regimen-int-/departamentos-1285894352725.html","2026-08-08"
"UV","reg-regimen-int-","ACGUV 39/2006","Reglament de Règim Intern del Departament de Filologia Catalana. + info (Aprovat CG 31-I-2006. Modificat CG 22-XII-2009). Text actualitzat conforme al Reglament marc de règim intern de departaments modificat en Consell de Govern el 30 de setembre de 2014 (ACGUV 169/2014). Comunicat al Consell de Govern de 18 de desembre de 2018. -info","Text","https://webges.uv.es/uvTaeWeb/MuestraInformacionEdictoPublicoFrontAction.do?idEdictoSeleccionado=14574","https://www.uv.es/uvweb/registro-general/es/reglamentos-uv/reg-regimen-int-/departamentos-1285894352725.html","2026-08-08"
"UV","reg-regimen-int-","ACGUV 40/2006","Reglament de Règim Intern del Departament de Filologia Clàssica. + info (Aprovat CG 31-I-2006. Modificat CG 22-XII-2009). Text actualitzat conforme al Reglament marc de règim intern de departaments modificat en Consell de Govern el 30 de setembre de 2014 (ACGUV 169/2014). Comunicat al Consell de Govern de 18 de desembre de 2018. -info","Text","https://webges.uv.es/uvTaeWeb/MuestraInformacionEdictoPublicoFrontAction.do?idEdictoSeleccionado=14590","https://www.uv.es/uvweb/registro-general/es/reglamentos-uv/reg-regimen-int-/departamentos-1285894352725.html","2026-08-08"
"UV","reg-regimen-int-","ACGUV 41/2006","Reglament de Règim Intern del Departament de Física Teòrica. + info (Aprovat CG 31-I-2006. Modificat CG 22-XII-2009. Text actualitzat conforme al Reglament marc de règim intern de departaments modificat en Consell de Govern el 30 de setembre de 2014 (ACGUV 169/2014). Comunicat al Consell de Govern de 2 d’abril de 2019.). -info","Text","https://webges.uv.es/uvTaeWeb/MuestraInformacionEdictoPublicoFrontAction.do?idEdictoSeleccionado=15904","https://www.uv.es/uvweb/registro-general/es/reglamentos-uv/reg-regimen-int-/departamentos-1285894352725.html","2026-08-08"
"UV","reg-regimen-int-","ACGUV 42/2006","Reglament de Règim Intern del Departament de Genètica. + info (Aprovat CG 31-I-2006. Modificat CG 22-XII-2009). (Text actualitzat conforme al Reglament marc de règim intern de departaments modificat en Consell de Govern el 30 de setembre de 2014 (ACGUV 169/2014). Comunicat al Consell de Govern de 21 de maig de 2019). -info","Text","https://webges.uv.es/uvTaeWeb/MuestraInformacionEdictoPublicoFrontAction.do?idEdictoSeleccionado=16586","https://www.uv.es/uvweb/registro-general/es/reglamentos-uv/reg-regimen-int-/departamentos-1285894352725.html","2026-08-08"
"UV","reg-regimen-int-","ACGUV 43/2006","Reglament de Règim Intern del Departament d´Història de la Ciència i Documentació. + info (Aprovat CG 31-I-2006. Modificat CG 22-XII-2009). Text actualitzat conforme al Reglament marc de règim intern de departaments modificat en Consell de Govern el 30 de setembre de 2014 (ACGUV 169/2014). Comunicat al Consell de Govern de 23 de juliol de 2019. -info","Text","https://webges.uv.es/uvTaeWeb/MuestraInformacionEdictoPublicoFrontAction.do?idEdictoSeleccionado=18432","https://www.uv.es/uvweb/registro-general/es/reglamentos-uv/reg-regimen-int-/departamentos-1285894352725.html","2026-08-08"
"UV","reg-regimen-int-","ACGUV 49/2006","Reglament de Règim Intern del Departament d´Anàlisi Econòmica. + info (Aprovat CG 14-III-2006. Modificat CG 22-XII-2009. Adaptat a la modificació del Reglament Marc de règim intern de departaments aprovada pel CG de 30-IX-2014, amb el vistiplau de la Comissió d'Estatuts de 26-III-2015). -info","Text","http://www.uv.es/sgeneral/Reglamentacio/Doc/Regl_Reg_Intern_Depart/Anal_Econ.pdf","https://www.uv.es/uvweb/registro-general/es/reglamentos-uv/reg-regimen-int-/departamentos-1285894352725.html","2026-08-08"
"UV","reg-regimen-int-","ACGUV 50/2006","Reglament de Règim Intern del Departament d´Infermeria. + info (Aprovat CG 14-III-2006. Modificat CG 22-XII-2009. Adaptació al canvi de denominació del Centre, Decret 116/20111, de 9 de setembre). Text actualitzat conforme al Reglament marc de règim intern de departaments modificat en Consell de Govern el 30 de setembre de 2014 (ACGUV 169/2014). Comunicat al Consell de Govern de 20 de juny de 2019. -info","Text","https://webges.uv.es/uvTaeWeb/MuestraInformacionEdictoPublicoFrontAction.do?idEdictoSeleccionado=17277","https://www.uv.es/uvweb/registro-general/es/reglamentos-uv/reg-regimen-int-/departamentos-1285894352725.html","2026-08-08"
"UV","reg-regimen-int-","ACGUV 51/2006","Reglament de Règim Intern del Departament de Filologia Anglesa i Alemanya. + info (Aprovat CG 14-III-2006. Modificat CG 22-XII-2009. Modificat CG 31-III-2015. Modificat CG 25-VII-2017). -info","Text","https://webges.uv.es/uvTaeWeb/MuestraInformacionEdictoPublicoFrontAction.do?idEdictoSeleccionado=6460","https://www.uv.es/uvweb/registro-general/es/reglamentos-uv/reg-regimen-int-/departamentos-1285894352725.html","2026-08-08"
"UV","reg-regimen-int-","ACGUV 52/2006","Reglament de Règim Intern del Departament de Patologia. + info (Aprovat CG 14-III-2006. Modificat CG 22-XII-2009). Text actualitzat conforme al Reglament marc de règim intern de departaments modificat en Consell de Govern el 30 de setembre de 2014 (ACGUV 169/2014). Comunicat al Consell de Govern de 23 de juliol de 2019. -info","Text","https://webges.uv.es/uvTaeWeb/MuestraInformacionEdictoPublicoFrontAction.do?idEdictoSeleccionado=18440","https://www.uv.es/uvweb/registro-general/es/reglamentos-uv/reg-regimen-int-/departamentos-1285894352725.html","2026-08-08"
"UV","reg-regimen-int-","ACGUV 53/2006","Reglament de Règim Intern del Departament de Pediatria, Obstetricia i Ginecologia. + info (Aprovat CG 14-III-2006. Modificat CG 22-XII-2009). Text actualitzat conforme al Reglament marc de règim intern de departaments modificat en Consell de Govern el 30 de setembre de 2014 (ACGUV 169/2014). Comunicat al Consell de Govern de 23 de juliol de 2019. -info","Text","https://webges.uv.es/uvTaeWeb/MuestraInformacionEdictoPublicoFrontAction.do?idEdictoSeleccionado=18435","https://www.uv.es/uvweb/registro-general/es/reglamentos-uv/reg-regimen-int-/departamentos-1285894352725.html","2026-08-08"
"UV","reg-regimen-int-","ACGUV 54/2006","Reglament de Règim Intern del Departament de Química Orgànica. + info (Aprovat CG 14-III-2006. Modificat CG 22-XII-2009. Text actualitzat conforme al Reglament marc de règim intern de departaments modificat en Consell de Govern el 30 de setembre de 2014 (ACGUV 169/2014). Comunicat al Consell de Govern de 2 d’abril de 2019.). -info","Text","https://webges.uv.es/uvTaeWeb/MuestraInformacionEdictoPublicoFrontAction.do?idEdictoSeleccionado=15906","https://www.uv.es/uvweb/registro-general/es/reglamentos-uv/reg-regimen-int-/departamentos-1285894352725.html","2026-08-08"
"UV","reg-regimen-int-","ACGUV 55/2006","Reglament de Règim Intern del Departament d´Óptica i Optometria i Ciències de la Visió. + info (Aprovat CG 14-III-2006. Modificat CG 22-XII-2009. Modificat CG 22-XII-2014). -info","Text","http://www.uv.es/sgeneral/Reglamentacio/Doc/Regl_Reg_Intern_Depart/Optica.pdf","https://www.uv.es/uvweb/registro-general/es/reglamentos-uv/reg-regimen-int-/departamentos-1285894352725.html","2026-08-08"
"UV","reg-regimen-int-","ACGUV 55/2017","Reglament de règim intern del Jardí Botànic de la Universitat de València. + info (Aprovat CG 28-III-2017) -info","Text","https://webges.uv.es/uvTaeWeb/MuestraInformacionEdictoPublicoFrontAction.do?accion=inicio&idEdictoSeleccionado=4969","https://www.uv.es/uvweb/registro-general/es/reglamentos-uv/reg-regimen-int-/otros-centros-1286148250936.html","2026-08-08"
"UV","reg-regimen-int-","ACGUV 6/2005","Reglament marc de Règim Intern de Centres. + info (CG 25-I-2005. Modificat CG 14-VI-2005. Modificat CG 30-IX-2008. Modificat per aplicació de l'acord del Consell de Govern de 22-XII-2009. Modificat per aplicació de l'acord del Consell de Govern de 27-IX-2011. Modificat CG 30-IX-2014). -info","Text","http://www.uv.es/sgeneral/Reglamentacio/Doc/Regl_Reg_Intern_Centres/K0.pdf","https://www.uv.es/uvweb/registro-general/es/reglamentos-uv/reg-regimen-int-/centros-1285894352680.html","2026-08-08"
"UV","reg-regimen-int-","ACGUV 78/2005","Reglament de Règim Intern de la Facultat d´Economia. + info (Aprovat CG 26-IV-2005. Modificat CG 30-IX-2008. Modificat CG 22-XII-2009. Modificat CG 27-IX-2011. Modificat CG 30-V-2017. Modificat CG 17-XII-2019. Modificat CG 23-VII-2021). -info","Text","https://webges.uv.es/uvTaeWeb/MuestraInformacionEdictoPublicoFrontAction.do?idEdictoSeleccionado=32230","https://www.uv.es/uvweb/registro-general/es/reglamentos-uv/reg-regimen-int-/centros-1285894352680.html","2026-08-08"
"UV","reg-regimen-int-","ACGUV 92/2013","Reglament de Règim Intern de l´Observatori Astronòmic de la Universitat de València. + info (Aprovat CG 28-V-2013. Modificat CG 31-III-2014). -info","Text","http://www.uv.es/sgeneral/Reglamentacio/Doc/Regl_Altres_Centres/L1.pdf","https://www.uv.es/uvweb/registro-general/es/reglamentos-uv/reg-regimen-int-/otros-centros-1286148250936.html","2026-08-08"
"UV","reg-regimen-int-","ACGUV 99/2005","Reglament de Règim Intern de la Facultat de Geografia i Història. + info (Aprovat CG 14-VI-2005. Modificat CG 30-IX-2008. Modificat CG 22-XII-2009. Modificat CG 27-IX-2011. Modificat CG 24-IV-2018). -info","Text","https://webges.uv.es/uvTaeWeb/MuestraInformacionEdictoPublicoFrontAction.do?accion=inicio&idEdictoSeleccionado=10451","https://www.uv.es/uvweb/registro-general/es/reglamentos-uv/reg-regimen-int-/centros-1285894352680.html","2026-08-08"
"UV","reg-regimen-int-","RGUV 34/2006","Reglament de Règim Intern del Departament d´Astronomia i Astrofísica. + info (Aprovat CG 31-I-2006. Modificat CG 22-XII-2009. Text actualitzat conforme al Reglament marc de règim intern de departaments modificat en Consell de Govern el 30 de setembre de 2014 (ACGUV 169/2014). Comunicat al Consell de Govern de 2 d’abril de 2019.). -info","Text","https://webges.uv.es/uvTaeWeb/MuestraInformacionEdictoPublicoFrontAction.do?idEdictoSeleccionado=15883","https://www.uv.es/uvweb/registro-general/es/reglamentos-uv/reg-regimen-int-/departamentos-1285894352725.html","2026-08-08"
"UV","secretaria-gral-","ACGUV 144/2020","Reglament de coordinació entre centres de cada Campus. (CG 6-X-2020).","Text","https://webges.uv.es/uvTaeWeb/MuestraInformacionEdictoPublicoFrontAction.do?idEdictoSeleccionado=25478","https://www.uv.es/uvweb/registro-general/es/reglamentos-uv/secretaria-gral-/reglamentos-1285894353407.html","2026-08-08"
"UV","secretaria-gral-","ACGUV 26/2019","Reglament de la Universitat de València per a la realització de reunions i l'adopció d'acords a distància per part d'òrgans col·legiats de la Universitat de València (Estudi General). (CG 18-II-2019). Modificat CG 1-VI-2021). + info Aquest Reglament ha estat modificat provisionalment per les resolucions que figuren al marge mentre hi haja recomanacions de les autoritats sanitàries per la pandèmia. -info","Text","https://webges.uv.es/uvTaeWeb/MuestraInformacionEdictoPublicoFrontAction.do?accion=inicio&idEdictoSeleccionado=30576","https://www.uv.es/uvweb/registro-general/es/reglamentos-uv/secretaria-gral-/reglamentos-1285894353407.html","2026-08-08"
"UV","secretaria-gral-","ACGUV 26/2019","Reglament de la Universitat de València per a la realització de reunions i l'adopció d'acords a distància per part d'òrgans col·legiats de la Universitat de València (Estudi General). (CG 18-II-2019). Modificat CG 1-VI-2021). + info Aquest Reglament ha estat modificat provisionalment per les resolucions que figuren al marge mentre hi haja recomanacions de les autoritats sanitàries per la pandèmia. -info","Instrucció de la Secretària General de la Universitat de València en compliment de la Resolució del Rectorat de la Universitat de València de 27 de març de 2020, sobre mesures extraordinàries.","https://www.uv.es/sgeneral/Reglamentacio/Doc/Sec_general/InstruccioSecretariaGeneral.pdf","https://www.uv.es/uvweb/registro-general/es/reglamentos-uv/secretaria-gral-/reglamentos-1285894353407.html","2026-08-08"
"UV","secretaria-gral-","ACGUV 26/2019","Reglament de la Universitat de València per a la realització de reunions i l'adopció d'acords a distància per part d'òrgans col·legiats de la Universitat de València (Estudi General). (CG 18-II-2019). Modificat CG 1-VI-2021). + info Aquest Reglament ha estat modificat provisionalment per les resolucions que figuren al marge mentre hi haja recomanacions de les autoritats sanitàries per la pandèmia. -info","Resolució, de 15 de juny, autoritzant la realització de les sessions de Claustre a distància o en modalitats mixtes","https://www.uv.es/sgeneral/Reglamentacio/Doc/Sec_general/ResolRectoraClaustre_15-06-2020.pdf","https://www.uv.es/uvweb/registro-general/es/reglamentos-uv/secretaria-gral-/reglamentos-1285894353407.html","2026-08-08"
"UV","secretaria-gral-","ACGUV 26/2019","Reglament de la Universitat de València per a la realització de reunions i l'adopció d'acords a distància per part d'òrgans col·legiats de la Universitat de València (Estudi General). (CG 18-II-2019). Modificat CG 1-VI-2021). + info Aquest Reglament ha estat modificat provisionalment per les resolucions que figuren al marge mentre hi haja recomanacions de les autoritats sanitàries per la pandèmia. -info","Resolució, de 27 de març, sobre mesures extraordinàires referides a la realització de les reunions d'òrgans col·legiats a distància","https://www.uv.es/sgeneral/Reglamentacio/Doc/Sec_general/Resolucio_reunions_a_distancia_27-3-2020.pdf","https://www.uv.es/uvweb/registro-general/es/reglamentos-uv/secretaria-gral-/reglamentos-1285894353407.html","2026-08-08"
"UV","secretaria-gral-","ACGUV 306/2000","Delegació de competències de la Junta de Govern en el rector per acordar actes de tràmit en els procediments de recursos. (JG 27-X-2000)","Text","http://www.uv.es/sgeneral/Reglamentacio/Doc/Sec_general/F9.pdf","https://www.uv.es/uvweb/registro-general/es/reglamentos-uv/secretaria-gral-/reglamentos-1285894353407.html","2026-08-08"
"UV","secretaria-gral-","ACGUV 315/2025","Reglament pel qual es regula el Canal de Denúncies Internes Antifrau de la Universitat de València. (CG 4-XI-2025).","Text","https://webges.uv.es/uvTaeWeb/MuestraInformacionEdictoPublicoFrontAction.do?idEdictoSeleccionado=88723","https://www.uv.es/uvweb/registro-general/es/reglamentos-uv/secretaria-gral-/reglamentos-1285894353407.html","2026-08-08"
"UV","secretaria-gral-","ACGUV 79/2005","Delegació del Consell de Govern en la Junta Electoral de la Universitat de la competència d'adscripcions censals (CG 26-IV-2005. Modificat en CG 24-VI-2008. Modificat en CG 26-XI-2008. Modificat en CG 26-III-2009. Modificat en CG 26-I-2010. Modificat en CG 29-XI-2010. Modificat en CG 1-II-2012). Deroga la ""Delegació del Consell de Govern en la Junta Electoral de la Universitat de la competència d'adscripcions censals"" (JG 10-IV-2001)","Text","http://www.uv.es/sgeneral/Reglamentacio/Doc/Sec_general/F8.pdf","https://www.uv.es/uvweb/registro-general/es/reglamentos-uv/secretaria-gral-/reglamentos-1285894353407.html","2026-08-08"
"UV","secretaria-gral-","ACGUV 80/2005","Equiparació a efectes electorals del personal investigador en formació contractat i del personal contractat a l'empar del programa ""Juan de la Cierva"". (CG 26-IV-2005)","Text","http://www.uv.es/sgeneral/Reglamentacio/Doc/Sec_general/F24.pdf","https://www.uv.es/uvweb/registro-general/es/reglamentos-uv/secretaria-gral-/reglamentos-1285894353407.html","2026-08-08"
"UV","secretaria-gral-","ACUV 14/2004","Reglament del Consell de Govern. (Claustre 9-XI-2004. Modificat en el Claustre 14-VII-2005. Modificat en el Claustre de 14-I-2010. Modificat en el Claustre de 20-II-2020. Modificat en el Claustre de 22-VII-2021)","Text","https://webges.uv.es/uvTaeWeb/MuestraInformacionEdictoPublicoFrontAction.do?accion=inicio&idEdictoSeleccionado=32124","https://www.uv.es/uvweb/registro-general/es/reglamentos-uv/secretaria-gral-/reglamentos-1285894353407.html","2026-08-08"
"UV","secretaria-gral-","ACUV 15/2004","Reglament de règim intern del Claustre. (Claustre 9-XI-2004. Modificat Claustre 14-I-2010. Modificat Claustre 5-II-2015. Modificat Claustre 22-VII-2021).","Text","https://webges.uv.es/uvTaeWeb/MuestraInformacionEdictoPublicoFrontAction.do?accion=inicio&idEdictoSeleccionado=32123","https://www.uv.es/uvweb/registro-general/es/reglamentos-uv/secretaria-gral-/reglamentos-1285894353407.html","2026-08-08"
"UV","secretaria-gral-","ACUV 17/2004","Reglament d'organització i funcionament de la Sindicatura Universitària de Greuges. (Claustre 9-XI-2004)","Text","http://www.uv.es/sgeneral/Reglamentacio/Doc/Sec_general/F13.pdf","https://www.uv.es/uvweb/registro-general/es/reglamentos-uv/secretaria-gral-/reglamentos-1285894353407.html","2026-08-08"
"UV","secretaria-gral-","ACUV 4/2014","Reglament electoral general de la Universitat de València. (Claustre 22-V-2014. Modificat Claustre 22-VII-2021).","Text","https://webges.uv.es/uvTaeWeb/MuestraInformacionEdictoPublicoFrontAction.do?accion=inicio&idEdictoSeleccionado=32159","https://www.uv.es/uvweb/registro-general/es/reglamentos-uv/secretaria-gral-/reglamentos-1285894353407.html","2026-08-08"
"UV","secretaria-gral-","DCV 128/2004","DECRETO 128/2004, de 30 de julio, del Consell de la Generalitat, por el cual se aprueban los Estatutos de la Universitat de València. DECRETO 45/2013, de 28 de marzo, del Consell, por el que se modifican los Estatutos de la Universitat de València. DECRETO 86/2026, de 5 de junio, del Consell, de modificación de los Estatutos de la Universitat de València.","Decreto 128/2004","https://dogv.gva.es/datos/2004/08/03/pdf/2004_8213.pdf","https://www.uv.es/uvweb/registro-general/es/reglamentos-uv/secretaria-gral-/reglamentos-1285894353407.html","2026-08-08"
"UV","secretaria-gral-","DCV 128/2004","DECRETO 128/2004, de 30 de julio, del Consell de la Generalitat, por el cual se aprueban los Estatutos de la Universitat de València. DECRETO 45/2013, de 28 de marzo, del Consell, por el que se modifican los Estatutos de la Universitat de València. DECRETO 86/2026, de 5 de junio, del Consell, de modificación de los Estatutos de la Universitat de València.","Decreto 45/2013, por el que se modifican los Estatutos","https://dogv.gva.es/datos/2013/04/02/pdf/2013_3161.pdf","https://www.uv.es/uvweb/registro-general/es/reglamentos-uv/secretaria-gral-/reglamentos-1285894353407.html","2026-08-08"
"UV","secretaria-gral-","DCV 128/2004","DECRETO 128/2004, de 30 de julio, del Consell de la Generalitat, por el cual se aprueban los Estatutos de la Universitat de València. DECRETO 45/2013, de 28 de marzo, del Consell, por el que se modifican los Estatutos de la Universitat de València. DECRETO 86/2026, de 5 de junio, del Consell, de modificación de los Estatutos de la Universitat de València.","Decreto 86/2026, de modificación de los Estatutos","https://dogv.gva.es/datos/2026/06/12/pdf/2026_19202_es.pdf","https://www.uv.es/uvweb/registro-general/es/reglamentos-uv/secretaria-gral-/reglamentos-1285894353407.html","2026-08-08"
"UV","secretaria-gral-","DCV 128/2004","DECRETO 128/2004, de 30 de julio, del Consell de la Generalitat, por el cual se aprueban los Estatutos de la Universitat de València. DECRETO 45/2013, de 28 de marzo, del Consell, por el que se modifican los Estatutos de la Universitat de València. DECRETO 86/2026, de 5 de junio, del Consell, de modificación de los Estatutos de la Universitat de València.","Estatutos de la Universitat de València (PDF)","https://www.uv.es/comunicacio/estatutos.pdf","https://www.uv.es/uvweb/registro-general/es/reglamentos-uv/secretaria-gral-/reglamentos-1285894353407.html","2026-08-08"
"UV","servicios","ACGUV 11/04/1989","Tràmit d'adquisició de material bibliogràfic a les unitats d'informació bibliogràfica adscrites a centres. (J.G. 11-IV-1989)","Text","http://www.uv.es/sgeneral/Reglamentacio/Doc/Serveis/I5.pdf","https://www.uv.es/uvweb/registro-general/es/reglamentos-uv/servicios/reglamentos-1285894353420.html","2026-08-08"
"UV","servicios","ACGUV 130/2008","Reglament de règim intern de l'oficina de control intern de la Universitat de València. (C.G. 28-VII-2008. modificat C.G. 24-V-2011)","Text","http://www.uv.es/sgeneral/Reglamentacio/Doc/Serveis/I12.pdf","https://www.uv.es/uvweb/registro-general/es/reglamentos-uv/servicios/reglamentos-1285894353420.html","2026-08-08"
"UV","servicios","ACGUV 131/2025","Reglament de règim intern del Servei de Publicacions de la Universitat de València. (CG 3-VI-2025).","Text","https://webges.uv.es/uvTaeWeb/MuestraInformacionEdictoPublicoFrontAction.do?idEdictoSeleccionado=81916","https://www.uv.es/uvweb/registro-general/es/reglamentos-uv/servicios/reglamentos-1285894353420.html","2026-08-08"
"UV","servicios","ACGUV 133/2025","Acord del Consell de Govern de la Universitat de València per a la promoció del plurilingüisme. (CG 3-VI-2025).","Text","https://webges.uv.es/uvTaeWeb/MuestraInformacionEdictoPublicoFrontAction.do?idEdictoSeleccionado=82281","https://www.uv.es/uvweb/registro-general/es/reglamentos-uv/servicios/reglamentos-1285894353420.html","2026-08-08"
"UV","servicios","ACGUV 142/2020","Normas de préstamo a domicilio para todas las bibliotecas de la Universitat de València. (CG 6-X-2020. Modificadas CG 13-XII-2021).","Texto","http://www.uv.es/sgeneral/Reglamentacio/Doc/Serveis/2020_142_sp.pdf","https://www.uv.es/uvweb/registro-general/es/reglamentos-uv/servicios/reglamentos-1285894353420.html","2026-08-08"
"UV","servicios","ACGUV 143/2020","Reglamento de régimen interno del Servei de Biblioteques i Documentació. (CG 6-X-2020. Actualizado anexo por CG 1-II-2022).","Texto","http://www.uv.es/sgeneral/Reglamentacio/Doc/Serveis/2020_143_sp.pdf","https://www.uv.es/uvweb/registro-general/es/reglamentos-uv/servicios/reglamentos-1285894353420.html","2026-08-08"
"UV","servicios","ACGUV 190/1995","Reglament de règim intern del servei central de suport a la investigació experimental (J.G. 6-VII-1995)","Text","http://www.uv.es/sgeneral/Reglamentacio/Doc/Serveis/I9.pdf","https://www.uv.es/uvweb/registro-general/es/reglamentos-uv/servicios/reglamentos-1285894353420.html","2026-08-08"
"UV","servicios","ACGUV 233/1992","Reglament de règim intern de la col.lecció espanyola de cultius tipus de la Universitat de València. (J.G. 24-VII-1992. Modificat en C.G. 1-XII-2009)","Text","http://www.uv.es/sgeneral/Reglamentacio/Doc/Serveis/I7.pdf","https://www.uv.es/uvweb/registro-general/es/reglamentos-uv/servicios/reglamentos-1285894353420.html","2026-08-08"
"UV","servicios","ACGUV 299/2023","Reglament del Programa Universitari La Nau Gran de la Universitat de València. (CG 9-XI-2023).","Text","https://webges.uv.es/uvTaeWeb/MuestraInformacionEdictoPublicoFrontAction.do?idEdictoSeleccionado=61213","https://www.uv.es/uvweb/registro-general/es/reglamentos-uv/servicios/reglamentos-1285894353420.html","2026-08-08"
"UV","servicios","ACGUV 30/07/1986","Procediment per a la reproducció de fons històrics del servei d'informació bibliogràfica amb fins d'investigació. (J.G. 30-VII-1986)","Text","http://www.uv.es/sgeneral/Reglamentacio/Doc/Serveis/I2.pdf","https://www.uv.es/uvweb/registro-general/es/reglamentos-uv/servicios/reglamentos-1285894353420.html","2026-08-08"
"UV","servicios","ACGUV 30/07/1986","Procediment per a la reproducció de fons històrics del servei d'informació bibliogràfica amb fins editorials (J.G. 30-VII-1986)","Text","http://www.uv.es/sgeneral/Reglamentacio/Doc/Serveis/I1.pdf","https://www.uv.es/uvweb/registro-general/es/reglamentos-uv/servicios/reglamentos-1285894353420.html","2026-08-08"
"UV","servicios","ACGUV 34/2003","Normes sobre préstec bibliotecari (C.G. 4-III-2003).","Normes de préstec d'obres de fons antic per a exposicions","http://www.uv.es/sgeneral/Reglamentacio/Doc/Serveis/I10b.pdf","https://www.uv.es/uvweb/registro-general/es/reglamentos-uv/servicios/reglamentos-1285894353420.html","2026-08-08"
"UV","servicios","ACGUV 34/2003","Normes sobre préstec bibliotecari (C.G. 4-III-2003).","Normes d'accés per a la consulta de les biblioteques històriques i del fons antic de les biblioteques de la UV","http://www.uv.es/sgeneral/Reglamentacio/Doc/Serveis/I10c.pdf","https://www.uv.es/uvweb/registro-general/es/reglamentos-uv/servicios/reglamentos-1285894353420.html","2026-08-08"
"UV","servicios","ACGUV 8/1994","Reglament de règim intern del servei d'informàtica (J.G. 25-I-1994)","Text","http://www.uv.es/sgeneral/Reglamentacio/Doc/Serveis/I8.pdf","https://www.uv.es/uvweb/registro-general/es/reglamentos-uv/servicios/reglamentos-1285894353420.html","2026-08-08"
"UV","servicios","ACGUV 85/1991","Constitució de la col.lecció espanyola de cultius tipus com a servei de la Universitat de València. (J.G. 28-V-1991)","Text","http://www.uv.es/sgeneral/Reglamentacio/Doc/Serveis/I6.pdf","https://www.uv.es/uvweb/registro-general/es/reglamentos-uv/servicios/reglamentos-1285894353420.html","2026-08-08"
"UV","servicios","IUV 1/2025","Instrucción sobre el régimen y la tramitación de los contratos menores (IUV 1/2025)","Texto completo","https://webges.uv.es/uvTaeWeb/MuestraInformacionEdictoPublicoFrontAction.do?accion=inicio&idEdictoSeleccionado=79719","https://www.uv.es/uvweb/registro-general/es/reglamentos-uv/servicios/reglamentos-1285894353420.html","2026-08-08"
"UV","servicios","IUV 1/2026","Instrucción del Vicerrectorado de Estudios y la Gerencia de la Universitat de València sobre la gestión de los recibos de matrícula del curso académico 2026-2027 (1/2026) + info Modalidades, plazos, calendario de emisión e impagos de recibos de matrícula. -info","Texto completo","https://webges.uv.es/uvTaeWeb/MuestraInformacionEdictoPublicoFrontAction.do?idEdictoSeleccionado=104104","https://www.uv.es/uvweb/registro-general/es/reglamentos-uv/servicios/reglamentos-1285894353420.html","2026-08-08"
"UV","servicios","IUV 10/2024","Instrucción por la que se prorroga la Instrucción sobre medidas por las inundaciones en la provincia de València (10/2024)","Text complet","https://webges.uv.es/uvTaeWeb/MuestraInformacionEdictoPublicoFrontAction.do?accion=inicio&idEdictoSeleccionado=75602","https://www.uv.es/uvweb/registro-general/es/reglamentos-uv/servicios/reglamentos-1285894353420.html","2026-08-08"
"UV","servicios","IUV 2/2025","Instrucción de la Gerencia de la Universidad de Valencia sobre la flexibilización del Régimen de Teletrabajo durante el mes de Agosto (Referencia IUV 2/2025)","Texto completo","https://webges.uv.es/uvTaeWeb/MuestraInformacionEdictoPublicoFrontAction.do?idEdictoSeleccionado=82007","https://www.uv.es/uvweb/registro-general/es/reglamentos-uv/servicios/reglamentos-1285894353420.html","2026-08-08"
"UV","servicios","IUV 3/2025","Instrucción del Vicerrectorado de Estudios y la Gerencia sobre la gestión de los recibos de matrícula del curso académico 2025-2026 (3/2025)","Texto completo","https://webges.uv.es/uvTaeWeb/MuestraInformacionEdictoPublicoFrontAction.do?idEdictoSeleccionado=82525","https://www.uv.es/uvweb/registro-general/es/reglamentos-uv/servicios/reglamentos-1285894353420.html","2026-08-08"
"UV","servicios","IUV 7/2024","Instrucción de la Gerencia de la UV sobre la aplicación del permiso parental del artículo 49.g del Estatuto Básico del Empleado Público.","Texto","https://webges.uv.es/uvTaeWeb/MuestraInformacionEdictoPublicoFrontAction.do?idEdictoSeleccionado=74281","https://www.uv.es/uvweb/registro-general/es/reglamentos-uv/servicios/reglamentos-1285894353420.html","2026-08-08"
"UV","servicios","IUV 9/2024","Instrucción de la Gerencia de la Universitat de València sobre medidas por las inundaciones en la provincia de València","Texto completo","https://webges.uv.es/uvTaeWeb/MuestraInformacionEdictoPublicoFrontAction.do?accion=inicio&idEdictoSeleccionado=74545","https://www.uv.es/uvweb/registro-general/es/reglamentos-uv/servicios/reglamentos-1285894353420.html","2026-08-08"
